Title ID	Region	Name	PKG direct link	zRIF	Content ID	Last Modification Date	File Size	SHA256	Required FW
PCSG01005	JP	Shiin Theme: Character ver.	http://zeus.dl.playstation.net/cdn/JP0091/PCSG01005_00/JP0091-PCSG01005_00-HRVCUSTOMTHEMECH_bg_1_a5b7b1d4af861b5c0580be426f7660a8d9ec1f3e.pkg	MISSING	JP0091-PCSG01005_00-HRVCUSTOMTHEMECH		7820304		3.5
PCSG00630	JP	『新次元ゲイム ネプテューヌVⅡ』ラステイションテーマ（PS Vita）	http://zeus.dl.playstation.net/cdn/JP0031/PCSG00630_00/JP0031-PCSG00630_00-THEMEV0000000003_bg_1_808c31557587d77c2eb8e684143137ebc06818a5.pkg	MISSING	JP0031-PCSG00630_00-THEMEV0000000003		5323184		0
PCSG00999	JP	Touhou Kobuto V:Burst Battle "Theme-03" (Free)	http://zeus.dl.playstation.net/cdn/JP0704/PCSG00999_00/JP0704-PCSG00999_00-KBTVTHEMEF000003_bg_1_805ad477bcfd8d6de84f1dbcc7f93b0eb87a029c.pkg	MISSING	JP0704-PCSG00999_00-KBTVTHEMEF000003		4234048		3.5
PCSG00999	JP	Touhou Kobuto V:Burst Battle "Theme-03"	http://zeus.dl.playstation.net/cdn/JP0704/PCSG00999_00/JP0704-PCSG00999_00-KBTVTHEME0000003_bg_1_400ff276729bbba8084b8ad3d8226cdb3f21826f.pkg	MISSING	JP0704-PCSG00999_00-KBTVTHEME0000003		5851824		3.5
PCSE01104	US	Touhou Kobuto V:Burst Battle "Theme-03"	http://zeus.dl.playstation.net/cdn/UP1063/PCSE01104_00/UP1063-PCSE01104_00-KBTVTHEME0000003_bg_1_71b8302932870a6cad53f22a5d619ab2f6c38cfb.pkg	MISSING	UP1063-PCSE01104_00-KBTVTHEME0000003		5851824		3.5
PCSE01104	US	Touhou Kobuto V:Burst Battle "Theme-02"	http://zeus.dl.playstation.net/cdn/UP1063/PCSE01104_00/UP1063-PCSE01104_00-KBTVTHEME0000002_bg_1_4cdf92b52dde768d3215ca2042fcb3b5bbfeed0c.pkg	MISSING	UP1063-PCSE01104_00-KBTVTHEME0000002		5425520		3.5
PCSE01104	US	Touhou Kobuto V:Burst Battle "Theme-01"	http://zeus.dl.playstation.net/cdn/UP1063/PCSE01104_00/UP1063-PCSE01104_00-KBTVTHEME0000001_bg_1_5f30294f74fc0746da031238fb1cf833bcbb1915.pkg	MISSING	UP1063-PCSE01104_00-KBTVTHEME0000001		2656384		3.5
PCSG00562	JP	Autumn - Toho Project "Four Seasons"	http://zeus.dl.playstation.net/cdn/JP0704/PCSG00562_00/JP0704-PCSG00562_00-VITATHMTH4S00004_bg_1_f6d47493b69a78371d89d6e984ed0386b59f3d21.pkg	MISSING	JP0704-PCSG00562_00-VITATHMTH4S00004		6623328		3.5
PCSG00562	JP	Summer - Toho Project "Four Seasons"	http://zeus.dl.playstation.net/cdn/JP0704/PCSG00562_00/JP0704-PCSG00562_00-VITATHMTH4S00003_bg_2_c223b78a59ecf4943daa3d50d1d464dfda6e774a.pkg	MISSING	JP0704-PCSG00562_00-VITATHMTH4S00003		5695168		3.5
PCSG00562	JP	Spring - Toho Project "Four Seasons"	http://zeus.dl.playstation.net/cdn/JP0704/PCSG00562_00/JP0704-PCSG00562_00-VITATHMTH4S00002_bg_1_ea097bb2cad67f43926e782121b8ba4f6c0eec58.pkg	MISSING	JP0704-PCSG00562_00-VITATHMTH4S00002		7229328		0
PCSG00249	JP	WHITE ALBUM2 THEME	http://zeus.dl.playstation.net/cdn/JP0761/PCSG00249_00/ZZGWZpQwNZvvLBmEKglBVsgsGEZnuYQaBEMEIyDqDBhJIJRiPnQDgoerWoylsXXZWoOVPWWcBsJcxLfsTDUVEdkNGREfMzARRJwzC.pkg	MISSING	JP0761-PCSG00249_00-WHIALB2VDLCCT001		4190160		0
PCSG00364	JP	『ペルソナ４ ダンシング・オールナイト』オリジナルテーマ２	http://zeus.dl.playstation.net/cdn/JP0005/PCSG00364_00/JP0005-PCSG00364_00-THEME00000000004_bg_1_2ff322557c6a3093dcb6401681b5494ff33aed8b.pkg	MISSING	JP0005-PCSG00364_00-THEME00000000004		6324016		3.5
PCSG00447	JP	『デカ盛り 閃乱カグラ』死塾月閃女学館	http://zeus.dl.playstation.net/cdn/JP0507/PCSG00447_00/JP0507-PCSG00447_00-THM0000000000002_bg_1_049cc478af84a1e7dfd09d2d54b4accc54246c88.pkg	MISSING	JP0507-PCSG00447_00-THM0000000000002		5987040		0
PCSB00751	EU	Hyperdimension Neptunia Re;Birth3: V Generation CPU Candidate Custom Theme	http://zeus.dl.playstation.net/cdn/EP0031/PCSB00751_00/EP0031-PCSB00751_00-PSVITATHEME00003_bg_1_1f7600be6e62978ae9c09a89ea98a13342a73e3d.pkg	MISSING	EP0031-PCSB00751_00-PSVITATHEME00003		6076240		3.5
PCSB00751	EU	Hyperdimension Neptunia Re;Birth3: V Generation CPU Custom Theme	http://zeus.dl.playstation.net/cdn/EP0031/PCSB00751_00/EP0031-PCSB00751_00-PSVITATHEME00002_bg_1_e039c526c204a964493b2bcd1e28310c1f896bce.pkg	MISSING	EP0031-PCSB00751_00-PSVITATHEME00002		7413616		3.5
PCSH10026	ASIA	Atelier Firis Cuty Girl Festival Special Theme	MISSING	KO5ifR1dQ+d7BBgYGpiBVHsYAq0zA9nv5hnkGRzi4ermGgy2FJ//PD4LCARpv7HS0LI1EpQQ2Dka44MbAACiQRFC	HP0106-PCSH10026_00-FIRISTHEFES00000		1274400		
PCSH10026	ASIA	Atelier Firis CutyGirlFestival SpecialTheme	http://zeus.dl.playstation.net/cdn/HP0106/PCSH10026_00/HP0106-PCSH10026_00-FIRISTHEFES00000_bg_1_0ed86a8e52592bd23fa890774b80e576f8975d33.pkg	MISSING	HP0106-PCSH10026_00-FIRISTHEFES00000		1274400		3.5
PCSG00681	JP	CRIMINAL GIRLS 2 theme	http://zeus.dl.playstation.net/cdn/JP0404/PCSG00681_00/JP0404-PCSG00681_00-CUSTOM000PSV0001_bg_1_51b46a06772c5d483c20cf7b5f629dd9c0cfc873.pkg	MISSING	JP0404-PCSG00681_00-CUSTOM000PSV0001		5902944		3.5
PCSC00099	JP	うーさーのその日暮らし夢幻編テーマ オリジナルver.	http://zeus.dl.playstation.net/cdn/JP9003/PCSC00099_00/JP9003-PCSC00099_00-WOOSER3THEME0001_bg_1_537f1a83093637643c1be22a698629b9af10e530.pkg	MISSING	JP9003-PCSC00099_00-WOOSER3THEME0001		2455312		3.5
PCSC00099	JP	うーさーのその日暮らし夢幻編テーマ エンディングver.	http://zeus.dl.playstation.net/cdn/JP9003/PCSC00099_00/JP9003-PCSC00099_00-WOOSER3THEME0002_bg_1_cf3454e6f1c79af4a5cfcc64db99b705d104ceb7.pkg	MISSING	JP9003-PCSC00099_00-WOOSER3THEME0002		6524112		3.5
PCSE00787	US	SENRAN KAGURA ESTIVAL VERSUS Hebijo Clandestine Girls' Academy Theme	http://zeus.dl.playstation.net/cdn/UP1023/PCSE00787_00/UP1023-PCSE00787_00-00000000THEME003_bg_1_ada2bebb0efebc52c708f12295198f145a4dec80.pkg	MISSING	UP1023-PCSE00787_00-00000000THEME003		4691824		3.5
PCSE00787	US	SENRAN KAGURA ESTIVAL VERSUS Hanzo National Academy Theme	http://zeus.dl.playstation.net/cdn/UP1023/PCSE00787_00/UP1023-PCSE00787_00-PSVTHEME00000002_bg_1_d6d49ff558ec716337ec7e915f53fc803d3f28e2.pkg	MISSING	UP1023-PCSE00787_00-PSVTHEME00000002		4572304		3.5
PCSE00787	US	SENRAN KAGURA ESTIVAL VERSUS Overseers of the Festival Theme	http://zeus.dl.playstation.net/cdn/UP1023/PCSE00787_00/UP1023-PCSE00787_00-PSVTHEME00000005_bg_1_e9a5ccdd68a6b747247dbd09ad215e4641ac3b05.pkg	MISSING	UP1023-PCSE00787_00-PSVTHEME00000005		5105920		3.5
PCSE00787	US	SENRAN KAGURA ESTIVAL VERSUS Gessen Girls' Academy Theme	http://zeus.dl.playstation.net/cdn/UP1023/PCSE00787_00/UP1023-PCSE00787_00-00000000THEME001_bg_1_c85d0ac9b76c8bdb892724192f2a29a822f67330.pkg	MISSING	UP1023-PCSE00787_00-00000000THEME001		4479584		3.5
PCSG01023	JP	TSUIHOUSENKYO Theme	http://zeus.dl.playstation.net/cdn/JP0404/PCSG01023_00/JP0404-PCSG01023_00-CUSTOM000PSV0001_bg_1_a0d1a1f83a7af6a888c6ed0da022fe3d6c33b444.pkg	MISSING	JP0404-PCSG01023_00-CUSTOM000PSV0001		6061584		3.5
PCSG00405	JP	『レンドフルール』 ギスランテーマ	http://zeus.dl.playstation.net/cdn/JP0031/PCSG00405_00/JP0031-PCSG00405_00-GHITHEME00000001_bg_1_cdd530e8fe0eefc5f04286448ef3c7a2674f4a28.pkg	MISSING	JP0031-PCSG00405_00-GHITHEME00000001		3010368		3.5
PCSG00202	JP	ダンガンロンパ1・2 Reload CustomTheme	http://zeus.dl.playstation.net/cdn/JP0365/PCSG00202_00/JP0365-PCSG00202_00-CUSTOMTHEME00001_bg_1_33c8f23eda59582934075bf2663ca2743776dc36.pkg	MISSING	JP0365-PCSG00202_00-CUSTOMTHEME00001		4813760		0
PCSG00405	JP	『レンドフルール』 ユベールテーマ	http://zeus.dl.playstation.net/cdn/JP0031/PCSG00405_00/JP0031-PCSG00405_00-HUBTHEME00000001_bg_1_0ce9b91c67a90a560ff9c5abfda7d14c672abac8.pkg	MISSING	JP0031-PCSG00405_00-HUBTHEME00000001		3218336		3.5
PCSG00405	JP	『レンドフルール』 ヴィオレットテーマ	http://zeus.dl.playstation.net/cdn/JP0031/PCSG00405_00/JP0031-PCSG00405_00-VIOTHEME00000001_bg_1_3e7cfcabd9ddaf473ecca2feed1ce0af4e2ad7b1.pkg	MISSING	JP0031-PCSG00405_00-VIOTHEME00000001		3076240		3.5
PCSG00405	JP	『レンドフルール』 ルイテーマ	http://zeus.dl.playstation.net/cdn/JP0031/PCSG00405_00/JP0031-PCSG00405_00-LOUTHEME00000001_bg_1_3b996b787f5436a0fd1e63cfcb5b5fde7b1a75fd.pkg	MISSING	JP0031-PCSG00405_00-LOUTHEME00000001		3069056		3.5
PCSG00713	JP	HyakkaHyakurou ~Sengoku Ninpotyo~	http://zeus.dl.playstation.net/cdn/JP0367/PCSG00713_00/JP0367-PCSG00713_00-HYAKKATHEME00001_bg_1_aa85f5658e39d9c36fd78c7c61e36c0d4767ff3b.pkg	MISSING	JP0367-PCSG00713_00-HYAKKATHEME00001		7795472		3.5
PCSG00405	JP	『レンドフルール』 オルフェテーマ	http://zeus.dl.playstation.net/cdn/JP0031/PCSG00405_00/JP0031-PCSG00405_00-ORPTHEME00000001_bg_1_faea35f96d8a6d68b5ef43cee3a9fe6e04b5ad70.pkg	MISSING	JP0031-PCSG00405_00-ORPTHEME00000001		3048832		3.5
PCSG00405	JP	『レンドフルール』 レオンテーマ	http://zeus.dl.playstation.net/cdn/JP0031/PCSG00405_00/JP0031-PCSG00405_00-LEOTHEME00000001_bg_1_19581354fd3ec6e8b5cdec67615c0304c031185b.pkg	MISSING	JP0031-PCSG00405_00-LEOTHEME00000001		3073504		3.5
PCSG00708	JP	「薔薇に隠されしヴェリテ」ルイ16世のテーマ	http://zeus.dl.playstation.net/cdn/JP0031/PCSG00708_00/JP0031-PCSG00708_00-BARAVERITHEME000_bg_1_71610aaf8b0f2a58656e851fcc2ad0a23eb4383b.pkg	MISSING	JP0031-PCSG00708_00-BARAVERITHEME000		8200224		3.5
PCSB01032	EU	Hakuoki: Kyoto Winds" Theme: Hajime Saito"	http://zeus.dl.playstation.net/cdn/EP0031/PCSB01032_00/EP0031-PCSB01032_00-KAZETHEME0000003_bg_1_643537392e820fa208c8e3533cd9e2361b9f49b9.pkg	MISSING	EP0031-PCSB01032_00-KAZETHEME0000003		2970368		3.5
PCSB01032	EU	Hakuoki: Kyoto Winds" Theme: Wind Scroll"	http://zeus.dl.playstation.net/cdn/EP0031/PCSB01032_00/EP0031-PCSB01032_00-KAZETHEME0000013_bg_1_1980b783727ee84d839028602fe9d63352917be0.pkg	MISSING	EP0031-PCSB01032_00-KAZETHEME0000013		2971200		3.5
PCSE00928	US	Fate/EXTELLA — Nero Claudius Original Theme	http://zeus.dl.playstation.net/cdn/UP1023/PCSE00928_00/UP1023-PCSE00928_00-PSVTHEMECHARA101_bg_1_ffd95935e06809d0b907b52261c4e1b4d1d95bf9.pkg	MISSING	UP1023-PCSE00928_00-PSVTHEMECHARA101		1586768		3.5
PCSH00279	ASIA	UPPERS MEN'S ver. Theme	MISSING	KO5ifR1dQ+d7BAAtNQep9gDaZm4Jsh9iVYiHqy/QJiNnP3z+M59iqVPy8/qfEy16LHEa89eMxvjgBgDteRPo	HP0507-PCSH00279_00-000000THEME002CN		1891616		
PCSH00279	ASIA	UPPERS QUEEN ver. Theme	MISSING	KO5ifR1dQ+d7BAAtNQep9gDaZm4Jsh9iVYiHqy/QJmNnP3z+mxb/4n5i4Za3eyJuzUiWUFozGuODGwAABvQVKAAA	HP0507-PCSH00279_00-000000THEME003CN		2934256		
PCSH00279	ASIA	UPPERS Custom Theme	http://zeus.dl.playstation.net/cdn/HP0507/PCSH00279_00/HP0507-PCSH00279_00-00000000THEME001_bg_1_b274495a85c081b0ca5dd466e06c48adc880da3f.pkg	MISSING	HP0507-PCSH00279_00-00000000THEME001		3467136		3.5
PCSH00279	ASIA	UPPERS MEN'S ver. Theme	http://zeus.dl.playstation.net/cdn/HP0507/PCSH00279_00/HP0507-PCSH00279_00-000000THEME002CN_bg_1_ae7caeb963e7e90bb5beab4baca6fc7db44e2e56.pkg	MISSING	HP0507-PCSH00279_00-000000THEME002CN		1891616		3.5
PCSH00279	ASIA	UPPERS QUEEN ver. Theme	http://zeus.dl.playstation.net/cdn/HP0507/PCSH00279_00/HP0507-PCSH00279_00-000000THEME003CN_bg_1_edb9c4a7f3f8091ebb45a4bf751e2268c0d07a7d.pkg	MISSING	HP0507-PCSH00279_00-000000THEME003CN		2934256		3.5
PCSG00600	JP	Fate/EXTELLA アルトリア・ペンドラゴン オリジナルテーマ（バストアップ）	http://zeus.dl.playstation.net/cdn/JP0507/PCSG00600_00/JP0507-PCSG00600_00-PSVTHEMECHARA112_bg_1_3a70295c39009697988356fa84b479a1fad83d35.pkg	MISSING	JP0507-PCSG00600_00-PSVTHEMECHARA112		1625632		3.5
PCSF00446	EU	FREEDOM WARS	http://zeus.dl.playstation.net/cdn/EP9000/PCSF00446_00/EP9000-PCSF00446_00-THEME201410FW001_bg_1_18b364bd6bc19d0d23afc0bfdef677b2f9eeb6f6.pkg	MISSING	EP9000-PCSF00446_00-THEME201410FW001		6600880		0
PCSF00446	EU	FREEDOMWARS_KoukenGirls	http://zeus.dl.playstation.net/cdn/EP9000/PCSF00446_00/EP9000-PCSF00446_00-THEME201412FW002_bg_1_3e29770bb90c5dd3379cd1e852d45a5e3b3b923a.pkg	MISSING	EP9000-PCSF00446_00-THEME201412FW002		7327840		0
PCSE00973	US	Hakuoki: Kyoto Winds - Theme: Keisuke Sanan	MISSING	KO5ifR1dQ+eHBgDth5lqaW4Mst/bMco1xMPV1xVipzk+/7WrKTgZVLo1pgVKXuW8MyFpNMYHNwAAeA8SZgAA	UP0031-PCSE00973_00-KAZETHEME0000007		3041776		
PCSE00892	US	Atelier Sophie: Custom Theme A-1	MISSING	KO5ifR1dQ+eHBpgYGlhATbWwNALZHxriAbfQ3NDQCJ//VN2/5L1aeEb+3HyWva2n0tVHY3xwAwBx6RQ6	UP4108-PCSE00892_00-UTH0000000007112		1244240		
PCSE00973	US	Hakuoki: Kyoto Winds - Theme: Hachiro Iba	MISSING	KO5ifR1dQ+eHBgDth5lqaW4Mst/bMco1xMPV1xVipyU+/32cvdfw8FXH1MN73sizTZtvPBrjgxsAAAc8FR0A	UP0031-PCSE00973_00-KAZETHEME0000009		3015552		
PCSE00973	US	Hakuoki: Kyoto Winds - Theme: Susumu Yamazaki	MISSING	KO5ifR1dQ+eHBgDth5lqaW4Mst/bMco1xMPV1xVipwU+//09IqNUqPN2e9GbUzOn3pqQORrjgxsAAC2xFdUA	UP0031-PCSE00973_00-KAZETHEME0000008		2841152		
PCSE00892	US	Atelier Sophie: Custom Theme A-2	MISSING	KO5ifR1dQ+eHBpgYGlhATbWwNALZHxriAbfQ3NDQGJ//JiUKe8sLfnD5GP2oVelZrOtojA9uAABf5BL+	UP4108-PCSE00892_00-UTH0000000007113		1351088		
PCSE00973	US	Hakuoki: Kyoto Winds- Theme: Toshizo Hijikata	MISSING	KO5ifR1dQ+eHBgDth5lqaW4Mst/bMco1xMPV1xVqJz7/sZyVtLfYNKXnS47Vi+qTwadGY3xwAwDobxR7	UP0031-PCSE00973_00-KAZETHEME0000001		3082480		
PCSE00973	US	Hakuoki: Kyoto Winds - Theme: Shinpachi Nagakura	MISSING	KO5ifR1dQ+eHBgDth5lqaW4Mst/bMco1xMPV1xVipxk+/2kbMd9dorldtLw/wfyjvnnTaIwPbgAA/5IStgAA	UP0031-PCSE00973_00-KAZETHEME0000006		2962400		
PCSE00973	US	Hakuoki: Kyoto Winds - Theme: Chikage Kazama	MISSING	KO5ifR1dQ+eHBgDth5lqaW4Mst/bMco1xMPV1xVipRE+/zE3M1/un83pu8S+5xDDk4XrRmN8cAMAie8TpwAA	UP0031-PCSE00973_00-KAZETHEME0000012		2966096		
PCSE00973	US	Hakuoki: Kyoto Winds - Theme: Wind Scroll	MISSING	KO5ifR1dQ+eHBgDth5lqaW4Mst/bMco1xMPV1xVipTE+//1wk1nM/7lScJLa+1nuHZ8njMb44AYA/NsUhAAA	UP0031-PCSE00973_00-KAZETHEME0000013		2971200		
PCSE00973	US	Hakuoki: Kyoto Winds - Theme: Heisuke Toudou	MISSING	KO5ifR1dQ+eHBgDth5lqaW4Mst/bMco1xMPV1xVipwk+/7G176tTaRJnykivNi6+YqQ6GuODGwAA5tESCwAA	UP0031-PCSE00973_00-KAZETHEME0000004		3053392		
PCSE00973	US	Hakuoki: Kyoto Winds - Theme: Hajime Saito	MISSING	KO5ifR1dQ+eHBgDth5lqaW4Mst/bMco1xMPV1xVipzE+/530fLL+/Lxlorx31WS/6IivGI3xwQ0Al+cUQAAA	UP0031-PCSE00973_00-KAZETHEME0000003		2970368		
PCSE00973	US	Hakuoki: Kyoto Winds - Theme: Souji Okita	MISSING	KO5ifR1dQ+eHBgDth5lqaW4Mst/bMco1xMPV1xVipxE+/129ajtdO333G84/jh+mPzRrH43xwQ0AsAgViAAA	UP0031-PCSE00973_00-KAZETHEME0000002		3061328		
PCSE00973	US	Hakuoki: Kyoto Winds - Theme: Sanosuke Harada	MISSING	KO5ifR1dQ+eHBgDth5lqaW4Mst/bMco1xMPV1xVipyk+/zm/8uTo2JjyTGR+eA/vYePHozE+uAEA+MET5gAA	UP0031-PCSE00973_00-KAZETHEME0000005		2977024		
PCSE00973	US	Hakuoki: Kyoto Winds - Theme: Ryouma Sakamoto	MISSING	KO5ifR1dQ+eHBgDth5lqaW4Mst/bMco1xMPV1xVipSE+/x1avMjTbC2Pc1/JlZPvnnq7jsb44AYAp9oU6gAA	UP0031-PCSE00973_00-KAZETHEME0000011		2991776		
PCSE00973	US	Hakuoki: Kyoto Winds - Theme: Kazue Souma	MISSING	KO5ifR1dQ+eHBgDth5lqaW4Mst/bMco1xMPV1xVipQE+//326qvQP7Dyyd5LM4+8uGO1bDTGBzcAAKuhFrwA	UP0031-PCSE00973_00-KAZETHEME0000010		3060000		
PCSF00688	EU	Oreshika™: Tainted Bloodlines	http://zeus.dl.playstation.net/cdn/EP9000/PCSF00688_00/EP9000-PCSF00688_00-ORESHIKATHEME001_bg_1_0a389c436b6f761b0315db14ad88043bd2ff6e76.pkg	MISSING	EP9000-PCSF00688_00-ORESHIKATHEME001		2840368		3.5
PCSE01144	US	UNDER NIGHT IN-BIRTH Exe:Late Theme	http://zeus.dl.playstation.net/cdn/UP1024/PCSE01144_00/UP1024-PCSE01144_00-UNIEXESTTHEME000_bg_1_033b72469042fcdac50adfbe79356f511a571af4.pkg	MISSING	UP1024-PCSE01144_00-UNIEXESTTHEME000		4512192		3.5
PCSE00318	US	Rainbow Skies	http://zeus.dl.playstation.net/cdn/UP2005/PCSE00318_00/UP2005-PCSE00318_00-RAINBOWSKIESTHME_bg_1_9b0207550a1103c17f8d2c5fccf38c4a0a0775a0.pkg	MISSING	UP2005-PCSE00318_00-RAINBOWSKIESTHME		7590864		3.5
PCSE01229	US	Reverie	http://zeus.dl.playstation.net/cdn/UP0812/PCSE01229_00/UP0812-PCSE01229_00-REVERIETHEME0000_bg_1_4e0d21da4ac7b77a17f521bb9ce322bc7844be09.pkg	MISSING	UP0812-PCSE01229_00-REVERIETHEME0000		2706352		3.5
PCSE01044	US	Atelier Firis: Custom Theme	http://zeus.dl.playstation.net/cdn/UP4108/PCSE01044_00/UP4108-PCSE01044_00-FIRISTHESCBOX000_bg_1_ead2ba266b54d891e2bdc15a2184fb25de0218a4.pkg	MISSING	UP4108-PCSE01044_00-FIRISTHESCBOX000		2906624		3.5
PCSE00892	US	Atelier SOPHIE Theme A-1	http://zeus.dl.playstation.net/cdn/UP4108/PCSE00892_00/UP4108-PCSE00892_00-UTH0000000007112_bg_1_dc554fe778fd8f926f92b4545b8def87e9df8c06.pkg	MISSING	UP4108-PCSE00892_00-UTH0000000007112		1244240		3.5
PCSE00973	US	Hakuoki: Kyoto Winds" Theme: Hajime Saito"	http://zeus.dl.playstation.net/cdn/UP0031/PCSE00973_00/UP0031-PCSE00973_00-KAZETHEME0000003_bg_1_f9cab69029fdce17c1bb7a2e373d24a76af3891b.pkg	MISSING	UP0031-PCSE00973_00-KAZETHEME0000003		2970368		3.5
PCSE00892	US	Atelier SOPHIE Theme A-2	http://zeus.dl.playstation.net/cdn/UP4108/PCSE00892_00/UP4108-PCSE00892_00-UTH0000000007113_bg_1_51f5a256f5d86719286c6fd94a50dcbbe62981fc.pkg	MISSING	UP4108-PCSE00892_00-UTH0000000007113		1351088		3.5
PCSE00973	US	Hakuoki: Kyoto Winds" Theme: Heisuke Toudou"	http://zeus.dl.playstation.net/cdn/UP0031/PCSE00973_00/UP0031-PCSE00973_00-KAZETHEME0000004_bg_1_a76028ce2accc89a88ddb63f830f6eb4cbf57171.pkg	MISSING	UP0031-PCSE00973_00-KAZETHEME0000004		3053392		3.5
PCSE00973	US	Hakuoki: Kyoto Winds" Theme: Souji Okita"	http://zeus.dl.playstation.net/cdn/UP0031/PCSE00973_00/UP0031-PCSE00973_00-KAZETHEME0000002_bg_1_d25a4af500854d68ad7d7ab13558140d8aa3c2ad.pkg	MISSING	UP0031-PCSE00973_00-KAZETHEME0000002		3061328		3.5
PCSE00973	US	Hakuoki: Kyoto Winds" Theme: Sanosuke Harada"	http://zeus.dl.playstation.net/cdn/UP0031/PCSE00973_00/UP0031-PCSE00973_00-KAZETHEME0000005_bg_1_def813b451e149feb922bf46c8a20c66f82fad4b.pkg	MISSING	UP0031-PCSE00973_00-KAZETHEME0000005		2977024		3.5
PCSE00973	US	Hakuoki: Kyoto Winds" Theme: Toshizo Hijikata"	http://zeus.dl.playstation.net/cdn/UP0031/PCSE00973_00/UP0031-PCSE00973_00-KAZETHEME0000001_bg_1_6e586edef8f2e099f6d21b2fa3385197bd92ed06.pkg	MISSING	UP0031-PCSE00973_00-KAZETHEME0000001		3082480		3.5
PCSE00973	US	Hakuoki: Kyoto Winds" Theme: Hachiro Iba"	http://zeus.dl.playstation.net/cdn/UP0031/PCSE00973_00/UP0031-PCSE00973_00-KAZETHEME0000009_bg_1_6cb730344e95788224eb4672bd9ccc0ce2661bbd.pkg	MISSING	UP0031-PCSE00973_00-KAZETHEME0000009		3015552		3.5
PCSE00973	US	Hakuoki: Kyoto Winds" Theme: Susumu Yamazaki"	http://zeus.dl.playstation.net/cdn/UP0031/PCSE00973_00/UP0031-PCSE00973_00-KAZETHEME0000008_bg_1_2eef777e4b21ee1828d437a406d4f3fd3bc380e8.pkg	MISSING	UP0031-PCSE00973_00-KAZETHEME0000008		2841152		3.5
PCSE00973	US	Hakuoki: Kyoto Winds" Theme: Keisuke Sanan"	http://zeus.dl.playstation.net/cdn/UP0031/PCSE00973_00/UP0031-PCSE00973_00-KAZETHEME0000007_bg_1_0c0d54cc4297773def2a23c5dd55b95d07071c80.pkg	MISSING	UP0031-PCSE00973_00-KAZETHEME0000007		3041776		3.5
PCSE00973	US	Hakuoki: Kyoto Winds" Theme: Shinpachi Nagakura"	http://zeus.dl.playstation.net/cdn/UP0031/PCSE00973_00/UP0031-PCSE00973_00-KAZETHEME0000006_bg_1_c45d3bc748b2affa113263e1389ec79d655f140c.pkg	MISSING	UP0031-PCSE00973_00-KAZETHEME0000006		2962400		3.5
PCSE00973	US	Hakuoki: Kyoto Winds" Theme: Ryouma Sakamoto"	http://zeus.dl.playstation.net/cdn/UP0031/PCSE00973_00/UP0031-PCSE00973_00-KAZETHEME0000011_bg_1_ec9ceac6ab799c3696ad7e42d606b32d8aacdb84.pkg	MISSING	UP0031-PCSE00973_00-KAZETHEME0000011		2991776		3.5
PCSE00973	US	Hakuoki: Kyoto Winds" Theme: Kazue Souma"	http://zeus.dl.playstation.net/cdn/UP0031/PCSE00973_00/UP0031-PCSE00973_00-KAZETHEME0000010_bg_1_562d63050838ec05158aae52554fb2c6f65b7ec9.pkg	MISSING	UP0031-PCSE00973_00-KAZETHEME0000010		3060000		3.5
PCSE00973	US	Hakuoki: Kyoto Winds" Theme: Wind Scroll"	http://zeus.dl.playstation.net/cdn/UP0031/PCSE00973_00/UP0031-PCSE00973_00-KAZETHEME0000013_bg_1_01278497cbd04a64db3607abb8bf128b33457383.pkg	MISSING	UP0031-PCSE00973_00-KAZETHEME0000013		2971200		3.5
PCSE00973	US	Hakuoki: Kyoto Winds" Theme: Chikage Kazama"	http://zeus.dl.playstation.net/cdn/UP0031/PCSE00973_00/UP0031-PCSE00973_00-KAZETHEME0000012_bg_1_588ae753fc911b610f6d15ec00263e579c3eb2fb.pkg	MISSING	UP0031-PCSE00973_00-KAZETHEME0000012		2966096		3.5
PCSB00977	EU	NEPTUNE VS SEGA HARD GIRLS THEME	MISSING	KO5ifR1dQ+e7BgDtN4SqtjQ3B9nvGuKBsNHUwgCf/zSiuSaqBy9RPHXTZvICtqMVozE+uAEAc3ASdwAA	EP0031-PCSB00977_00-ETH0000000000580		9105456		
PCSC00094	JP	PlayStation® Awards 2016 Original Theme	http://zeus.dl.playstation.net/cdn/JP9002/PCSC00094_00/JP9002-PCSC00094_00-PSV0PSAWARDS2016_bg_1_0c5fd016f4bb12b754b9e5159223f56db1152385.pkg	MISSING	JP9002-PCSC00094_00-PSV0PSAWARDS2016		979984		3.5
PCSC00094	JP	PlayStation® Awards 2017 Original Theme	http://zeus.dl.playstation.net/cdn/JP9002/PCSC00094_00/JP9002-PCSC00094_00-PSV0PSAWARDS2017_bg_1_70f9cb09696b3e1a27d8e4d7a07ea178a3e3602c.pkg	MISSING	JP9002-PCSC00094_00-PSV0PSAWARDS2017		1132880		3.5
PCSH10009	ASIA	東亰幻都SAKURA主題	http://zeus.dl.playstation.net/cdn/HP0425/PCSH10009_00/HP0425-PCSH10009_00-THEME2016SPRINGF_bg_1_32bf54b773b7532f1325cecdc2e29553fa36f194.pkg	MISSING	HP0425-PCSH10009_00-THEME2016SPRINGF		8500528		3.5
PCSE00609	US	Epic Pirate Theme	http://zeus.dl.playstation.net/cdn/UT0027/PCSE00609_00/tVVgAcQhBVAIlaPkQRpNrfnUirwvtqtwXyCmnwlSRXnWHIsncXRykdZbVYaunHDN.pkg	MISSING	UT0027-PCSE00609_00-DYNAMICPRTETHEME		6227008		0
PCSE00235	US	DOA Hot Summer Honoka Theme	MISSING	KO5ifR1dQ+eHBpgYGlhATTUyNgXZ7+Hv5+/tGOLh6usKthSf/y4bL5JYOH+Kxa0jEXv9PfTfjsb44AYAfuYUywAA	UP4108-PCSE00235_00-HONOKATHEME00000		3418608		
PCSE00625	US	NBA: Charlotte Hornets Theme	MISSING	KO5ifR1dQ+eHBhgZGsNMNTMyBdnv5+To7OEY5OMfEuLqYWgahs9/G1i8mz5Pf7M5yN1Ma2/epcujMT64AQB/2hVh	UP2131-PCSE00625_00-NBACHARLOTTEH15V		593792		
PCSE00625	US	NBA: Charlotte Hornets Theme	http://zeus.dl.playstation.net/cdn/UP2131/PCSE00625_00/UP2131-PCSE00625_00-NBACHARLOTTEH15V_bg_1_56ca3e5ced20f25abf3d8e1ca31ef42103fd9ae6.pkg	MISSING	UP2131-PCSE00625_00-NBACHARLOTTEH15V		593792		0
PCSE00235	US	DOA Hot Summer Honoka Theme	http://zeus.dl.playstation.net/cdn/UP4108/PCSE00235_00/UP4108-PCSE00235_00-HONOKATHEME00000_bg_1_b37cda8d369af62d8d3264206da8ebc352b878b7.pkg	MISSING	UP4108-PCSE00235_00-HONOKATHEME00000		3418608		3.5
PCSB01124	EU	Dragons Online Sheep Theme	http://zeus.dl.playstation.net/cdn/EP8949/PCSB01124_00/EP8949-PCSB01124_00-ETH0000000001065_bg_1_e22e8989a6fcc3e740d4ef37299e646cde20496d.pkg	MISSING	EP8949-PCSB01124_00-ETH0000000001065		3574768		3.5
PCSG00298	JP	CorpseParty Blood Drive Custum Theme	http://zeus.dl.playstation.net/cdn/JP0745/PCSG00298_00/WNPqisOcmgJLIDmHBwTrskfTHYyDVieHdgDnpVEvSaKlZSXxdUnyhddAEezLIcDWKxZmblpMepLHMfalsAlrSPgRyTPoEteUrZrMn.pkg	MISSING	JP0745-PCSG00298_00-CPBDSYSTEMTHEME1		7110304		0
PCSB00977	EU	Neptune vs Sega Hard Girls Theme	http://zeus.dl.playstation.net/cdn/EP0031/PCSB00977_00/EP0031-PCSB00977_00-ETH0000000000580_bg_1_beae811d3aa292ba1de0f1e652b40e24a525215c.pkg	MISSING	EP0031-PCSB00977_00-ETH0000000000580		9105456		3.5
PCSB01032	EU	"Hakuoki: Kyoto Winds" Theme: Keisuke Sanan	http://zeus.dl.playstation.net/cdn/EP0031/PCSB01032_00/EP0031-PCSB01032_00-KAZETHEME0000007_bg_1_c246bcbc168dce77310bac00a69c83080060d6e3.pkg	MISSING	EP0031-PCSB01032_00-KAZETHEME0000007		3041776		3.5
PCSB01011	EU	VALKYRIE DRIVE -BHIKKHUNI- Theme	http://zeus.dl.playstation.net/cdn/EP4293/PCSB01011_00/EP4293-PCSB01011_00-ETH0000000000593_bg_1_38b4cc6037035fb21de8b19eec97b7bc7142de8a.pkg	MISSING	EP4293-PCSB01011_00-ETH0000000000593		3252352		3.5
PCSB00882	EU	SENRAN KAGURA ESTIVAL VERSUS Homura's Crimson Squad Theme	http://zeus.dl.playstation.net/cdn/EP4492/PCSB00882_00/EP4492-PCSB00882_00-PSVTHEME00000004_bg_1_c9f4ebeeb2b903001e7de1e52f01ba1542d211d0.pkg	MISSING	EP4492-PCSB00882_00-PSVTHEME00000004		4678368		3.5
PCSB00882	EU	SENRAN KAGURA ESTIVAL VERSUS Hanzo National Academy Theme	http://zeus.dl.playstation.net/cdn/EP4492/PCSB00882_00/EP4492-PCSB00882_00-PSVTHEME00000002_bg_1_e3a46bf402699bb96e40bd933c80fc1779299451.pkg	MISSING	EP4492-PCSB00882_00-PSVTHEME00000002		4572320		3.5
PCSB00882	EU	SENRAN KAGURA ESTIVAL VERSUS Gessen Girls' Academy Theme	http://zeus.dl.playstation.net/cdn/EP4492/PCSB00882_00/EP4492-PCSB00882_00-00000000THEME001_bg_1_de428c026821289cc76387c773ea9ac74c0e40ab.pkg	MISSING	EP4492-PCSB00882_00-00000000THEME001		4479600		3.5
PCSB00882	EU	SENRAN KAGURA ESTIVAL VERSUS Hebijo Clandestine Girls' Academy Theme	http://zeus.dl.playstation.net/cdn/EP4492/PCSB00882_00/EP4492-PCSB00882_00-00000000THEME003_bg_1_6e2510a3ca62e69333780ad83d810e53b14d9d91.pkg	MISSING	EP4492-PCSB00882_00-00000000THEME003		4691840		3.5
PCSB00882	EU	SENRAN KAGURA ESTIVAL VERSUS Overseers of the Festival Theme	http://zeus.dl.playstation.net/cdn/EP4492/PCSB00882_00/EP4492-PCSB00882_00-PSVTHEME00000005_bg_1_26b413a3ac1e5b25771d5bd735bd76716286aeb3.pkg	MISSING	EP4492-PCSB00882_00-PSVTHEME00000005		5105936		3.5
PCSB01129	EU	Touhou Kobuto V:Burst Battle "Theme-01"	http://zeus.dl.playstation.net/cdn/EP1063/PCSB01129_00/EP1063-PCSB01129_00-KBTVTHEME0000001_bg_1_f20aa2a826dcee7f08d49f61c62491849de1b639.pkg	MISSING	EP1063-PCSB01129_00-KBTVTHEME0000001		2656384		3.5
PCSB01011	EU	VALKYRIE DRIVE -BHIKKHUNI- Theme Bikini Party Edition .ver	http://zeus.dl.playstation.net/cdn/EP4293/PCSB01011_00/EP4293-PCSB01011_00-ETH0000000000841_bg_1_50c934189a0a1f9180ff96786e9b8dedb18f5982.pkg	MISSING	EP4293-PCSB01011_00-ETH0000000000841		3772224		3.5
PCSB01129	EU	Touhou Kobuto V:Burst Battle "Theme-02"	http://zeus.dl.playstation.net/cdn/EP1063/PCSB01129_00/EP1063-PCSB01129_00-KBTVTHEME0000002_bg_1_02515bab54d63a0860cf5835ef85a87fe0812dbc.pkg	MISSING	EP1063-PCSB01129_00-KBTVTHEME0000002		5425520		3.5
PCSB01129	EU	Touhou Kobuto V:Burst Battle "Theme-03"	http://zeus.dl.playstation.net/cdn/EP1063/PCSB01129_00/EP1063-PCSB01129_00-KBTVTHEME0000003_bg_1_ff6be31cfa84eb58b30df5c893f358e2ffe19f0b.pkg	MISSING	EP1063-PCSB01129_00-KBTVTHEME0000003		5851824		3.5
PCSE00235	US	DOA Hot Summer Ayane Theme	http://zeus.dl.playstation.net/cdn/UP4108/PCSE00235_00/UP4108-PCSE00235_00-AYANETHEME000000_bg_1_df548c0daf676b827b6075d3cfccd02111808bac.pkg	MISSING	UP4108-PCSE00235_00-AYANETHEME000000		3289200		3.5
PCSE00235	US	DOA Hot Summer Hitomi Theme	http://zeus.dl.playstation.net/cdn/UP4108/PCSE00235_00/UP4108-PCSE00235_00-HITOMITHEME00000_bg_1_811c1ede680fae74ce57e7cdd283edcf62741074.pkg	MISSING	UP4108-PCSE00235_00-HITOMITHEME00000		3375216		3.5
PCSE00235	US	DOA Hot Summer Kasumi Theme	http://zeus.dl.playstation.net/cdn/UP4108/PCSE00235_00/UP4108-PCSE00235_00-KASUMITHEME00000_bg_1_4626d0a2ea7f7fe7f282afdd229a4757bdea909f.pkg	MISSING	UP4108-PCSE00235_00-KASUMITHEME00000		3424016		3.5
PCSG00351	JP	ファンタシースター ノヴァ テーマ	MISSING	KO5ifR1dQ+d7BRgYmptDbTE2NQTZ7+cf5hji4errCrUUn//4Ba5Wl0y35+hYVF21dqmN72iMD24AAK32EyAA	JP0177-PCSG00351_00-NOVATHEME0000000		7417520		
PCSG00133	JP	閃乱カグラSV オリジナルテーマ 少女達の休息Ver	MISSING	KO5ifR1dQ+d7BQAtNYfaYmhsDLIfbluIh6uvq4ERPv/lrdc8Y5rMVltXyFGQy2ubOhrjgxsAABvZEZ4A	JP0507-PCSG00133_00-000000000THEME02		3676800		
PCSG00133	JP	閃乱カグラSV オリジナルテーマ 少女達の証明Ver	MISSING	KO5ifR1dQ+d7BQAtNYfaYmhsDLIfbluIh6uvq4ExPv99UVJSO5W5+PQmr9/VsTGXQkdjfHADAHMsFEAA	JP0507-PCSG00133_00-000000000THEME03		3440528		
PCSG00133	JP	閃乱カグラSV オリジナルテーマ 少女達の交流Ver	MISSING	KO5ifR1dQ+d7BQAtNYfaYmhsDLIfbluIh6uvq4EhPv91vYs8eNu/SX/2Q3VGn9I/KaMxPrgBAELIFB8A	JP0507-PCSG00133_00-000000000THEME01		4198464		
PCSG00364	JP	『ペルソナ４ ダンシング・オールナイト』オリジナルテーマ	MISSING	KO5ifR1dQ+d7BYCshdpibGYCsj/Ew9XXFWGnEV4PZqfXr9u4qzn/itpy/nlWSaMxPrgBALtBEzMA	JP0005-PCSG00364_00-THEME00000000002		6923504		
PCSG00418	JP	カグラ千年祭テーマ	MISSING	KO5ifR1dQ+d7BQAtNYfaYmJoAbIfZlmIh6sv0C5TfP7TlLqUcWnHQUHWHXbNu12+TB+N8cENAMXHE9gA	JP0507-PCSG00418_00-00000000THEME005		5111904		
PCSG00418	JP	秘立蛇女子学園テーマ	MISSING	KO5ifR1dQ+d7BQAtNYfaYmJoAbIfZlmIh6sv0C5jfP6Tv954RqVm94r7n+Y33DC9N200xgc3AADOQRWs	JP0507-PCSG00418_00-00000000THEME003		4695056		
PCSG00418	JP	死塾月閃女学館テーマ	MISSING	KO5ifR1dQ+d7BQAtNYfaYmJoAbIfZlmIh6sv0C5DfP7LvywVMfW5w6nK+QwZmofCVozG+OAGAF3HE5YA	JP0507-PCSG00418_00-00000000THEME001		4482832		
PCSG00418	JP	焔紅蓮隊テーマ	MISSING	KO5ifR1dQ+d7BQAtNYfaYmJoAbIfZlmIh6sv0C4TfP7jSHHQOz9b6EmcgdmLKfslykZjfHADAO/7Er0A	JP0507-PCSG00418_00-00000000THEME004		4678928		
PCSG00418	JP	国立半蔵学院テーマ	MISSING	KO5ifR1dQ+d7BQAtNYfaYmJoAbIfZlmIh6sv0C4jfP7LFRWdPe35wryfpwp2b1ja2zoa44MbAAC5pxUH	JP0507-PCSG00418_00-00000000THEME002		4575824		
PCSG00447	JP	『デカ盛り 閃乱カグラ』テーマ(秘立蛇女子学園)	MISSING	KO5ifR1dQ+d7BQAtNYfaYmJiDrI/xMPXAAkY4/Pfz83xL86fmFl+9HJE0B75jM7RGB/cAAB9rBV1	JP0507-PCSG00447_00-THM0000000000003		6507152		
PCSG00447	JP	『デカ盛り 閃乱カグラ』テーマ 美食大会ver.	MISSING	KO5ifR1dQ+d7BQAtNYfaYmJiDrIfaleIh6sv0CpDP3z+s0/1SDl23T5LOG5XfF1xtdZojA9uAAAOMhLJ	JP0507-PCSG00447_00-0000000THEME001N		6009984		
PCSG00447	JP	『デカ盛り 閃乱カグラ』テーマ 少女忍法帖ver.	MISSING	KO5ifR1dQ+d7BQAtNYfaYmJiDrIfaleIh6sv0CojP3z+W/6p/Kyqrpjk1/uOzpsFLepHY3xwAwDh7xNF	JP0507-PCSG00447_00-0000000THEME002N		4250704		
PCSG00447	JP	『デカ盛り 閃乱カグラ』テーマ(焔紅蓮隊)	MISSING	KO5ifR1dQ+d7BQAtNYfaYmJiDrI/xMPXAAkY4vPf7UsHLwpnV/Jr24U8fnIo+dxojA9uAADpfRSH	JP0507-PCSG00447_00-THM0000000000001		6728000		
PCSG00632	JP	VALKYRIE DRIVE -BHIKKHUNI- テーマ	MISSING	KO5ifR1dQ+d7BQAtNYfaYmZsBLIfZlmIh6sv0C5DfP77c8HjiexcmdQJf2RPzCrWCByN8cENAD/vFBsA	JP0507-PCSG00632_00-00000000THEME001		3279792		
PCSG00447	JP	『デカ盛り 閃乱カグラ』テーマ(国立半蔵学院)	MISSING	KO5ifR1dQ+d7BQAtNYfaYmJiDrI/xMPXABng81/RtilXMz/kb1NfFPNm97R8ptEYH9wAACtgFKwA	JP0507-PCSG00447_00-THM0000000000000		6306928		
PCSG00632	JP	VALKYRIE DRIVE -BHIKKHUNI- テーマ Bikini Party Edition ver.	MISSING	KO5ifR1dQ+d7BQAtNYfaYmZsBLIfZlmIh6uvq1OAKz7/zVpQ/rHy5dr5b3pTJt9zunN8NMYHNwAAm4MWugAA	JP0507-PCSG00632_00-00000000THEMEBPE		3595264		
PCSG00984	JP	『閃乱カグラ』 真紅 テーマ ぽかぽか日和 ver.	MISSING	KO5ifR1dQ+d7BQAtNYfaYmlhArLfABX44fNfRNtxR3HXzOWav54LbM0NshiN8cENAMrNEq0A	JP0507-PCSG00984_00-000000000000000N		3496064		
PCSG00984	JP	『閃乱カグラ』 真影 テーマ 少女達の始まり ver.	MISSING	KO5ifR1dQ+d7BQAtNYfaYmlhArI/IDgsxMPV1zXYw9MPaJchPv85Rnutqoz81NbnIrPy06rVP0ZjfHADANtTFZsA	JP0507-PCSG00984_00-PSVTHEMESHINE001		3314240		
PCSG00984	JP	『閃乱カグラ』2017 パイの日スペシャルテーマ (PS Vita版)	MISSING	KO5ifR1dQ+d7BQAtNYfaYmlhArI/IDgsxMPV1zUiyNA90sjXAJ//Jjzd6+3/znbHFnP3wh8HUq6NxvjgBgAXWBZR	JP0507-PCSG00984_00-PSVTHEMEXR1GY2M0		3644976		
PCSG00984	JP	『閃乱カグラ』 真紅 テーマ 真紅の少女達 ver.	MISSING	KO5ifR1dQ+d7BQAtNYfaYmlhArI/IDgsxCDYw9PPO9TPP9jDH5///O54WsxuDXrKNdlonfSj1i2jMT64AQDyeBUC	JP0507-PCSG00984_00-PSVT0SHINKUNOSHO		3193664		
PCSG00984	JP	『閃乱カグラ』 紅蓮 テーマ 少女達の絆 ver.	MISSING	KO5ifR1dQ+d7BQAtNYfaYmlhArI/IDgsxMPV19UpNCgY6ApDfP77dtXHf/OjRaXlwlE7Vq45e3A0xgc3AACHzxaV	JP0507-PCSG00984_00-PSVTHEMEBURST001		3531280		
PCSG00984	JP	『閃乱カグラ』 テーマ SWEET ver.	MISSING	KO5ifR1dQ+d7BQAtNYfaYmlhArI/IDgsxMPVF2RNcLirawg+/11yMVpcyMJask48SeXe9kNfR2N8cAMA5X8UawAA	JP0507-PCSG00984_00-PSVTHEME000SWEET		949168		
PCSG00984	JP	『閃乱カグラ』 テーマ BITTER ver.	MISSING	KO5ifR1dQ+d7BQAtNYfaYmlhArI/IDgsxMPVF2iNk2dIiGsQPv+t/973QN9Bq3cFd6zS7sRn0qMxPrgBAD5QFJYA	JP0507-PCSG00984_00-PSVTHEME00BITTER		1064128		
NPUB31619	US	Dragon Ball Xenoverse “First World Tournament Winners” Theme	http://zeus.dl.playstation.net/cdn/UP0700/NPUB31619_00/UP0700-NPUB31619_00-DBXVTHEME0000007_bg_1_b9b81eac93a7cdb793aca9da4e0a4902f5d4c682.pkg	MISSING	UP0700-NPUB31619_00-DBXVTHEME0000007		1832928		0
PCSE00649	US	Abstract 1 theme	MISSING	KO5ifR1dQ+eHBpiYmFtATTUzsQTZb2RgaGpgaGhpZAi20gyf/0TSxPPX8lh+49X3Sz8w4e/Z0Rgf3AAAotsSmQAA	UP4478-PCSE00649_00-2015011921000016		3571312		
PCSH10037	ASIA	「无双☆群星大会串」原创主题	http://zeus.dl.playstation.net/cdn/HP0106/PCSH10037_00/HP0106-PCSH10037_00-THEME17030800000_bg_1_e90cee7d3a4a189c2ba295cfd60cd2d3eeb3cb6a.pkg	MISSING	HP0106-PCSH10037_00-THEME17030800000		1033936		3.5
PCSG00685	JP	Deemo The Last Recital Black Theme	http://zeus.dl.playstation.net/cdn/JP1386/PCSG00685_00/JP1386-PCSG00685_00-DEEMOBLACKTHEME0_bg_1_508f992016acfe0e40567103c6d9a121f2bdd7bd.pkg	MISSING	JP1386-PCSG00685_00-DEEMOBLACKTHEME0		2850896		3.5
PCSG00364	JP	『ペルソナ４ ダンシング・オールナイト』オリジナルテーマ2	MISSING	KO5ifR1dQ+d7BYCshdpibGYCsj/Ew9XXFWGnCT7/GS/XVObT+nml+bel383VQnWjMT64AQC1whMz	JP0005-PCSG00364_00-THEME00000000004		6324016		
PCSG00447	JP	『デカ盛り 閃乱カグラ』テーマ(死塾月閃女学館)	MISSING	KO5ifR1dQ+d7BQAtNYfaYmJiDrI/xMPXAAkY4fPfo/mdS1pyQ32sROz/e97otRyN8cENADfJE38A	JP0507-PCSG00447_00-THM0000000000002		5987040		
PCSG01005	JP	『死印』テーマ 印人Ver	MISSING	KO5ifR1dQ+d7BQDdZwixxRDoAJD9HkFhzqHBIf6+IR6uvq7OHvj8N421gMND7cCmqVP2vXx78kLYaIwPbgAANfgVzgAA	JP0091-PCSG01005_00-HRVCUSTOMTHEMECH		7820304		
PCSE00787	US	SENRAN KAGURA ESTIVAL VERSUS: Gessen Theme	MISSING	KO5ifR1dQ+eHBhgaGBlDTTW3MAfZD7MsxMPVFyhqiM9/jxi3dRzln/mQzeZhrhfzqYejMT64AQD+zxP2	UP1023-PCSE00787_00-00000000THEME001		4479584		
PCSE00787	US	SENRAN KAGURA ESTIVAL VERSUS: Hebijo Theme	MISSING	KO5ifR1dQ+eHBhgaGBlDTTW3MAfZD7MsxMPVFyhqjM9/M4setZW9iqr+qZLYHm3Ic300xgc3AABGWBQd	UP1023-PCSE00787_00-00000000THEME003		4691824		
PCSE00787	US	SENRAN KAGURA ESTIVAL VERSUS: Hanzo Theme	MISSING	KO5ifR1dQ+eHBhgaGBlDTTW3MAfZHxAcFuLh6usKtdMIn/8SDi5lY7srGC439/fE95vWThuN8cENADodFKsA	UP1023-PCSE00787_00-PSVTHEME00000002		4572304		
PCSE00787	US	SENRAN KAGURA ESTIVAL VERSUS: Overseers Theme	MISSING	KO5ifR1dQ+eHBhgaGBlDTTW3MAfZHxAcFuLh6usKtdMUn/+erY83EhLdd7guft+UfTW6u0ZjfHADAArxFIoA	UP1023-PCSE00787_00-PSVTHEME00000005		5105920		
PCSB00751	EU	Hyperdimension Neptunia ReBirth3 - CPU Custom Theme	MISSING	KO5ifR1dQ+e7BgDtN4SqNjc1BNkfEBzmGeIY4uHq6wp2Az7/TVH6E57BWNH11VS7dmdc1qvRGB/cAACjoBRK	EP0031-PCSB00751_00-PSVITATHEME00002		7413616		
PCSB01030	EU	Elizabeth Bathory Original Theme	MISSING	KO5ifR1dQ+e7BpiYWBpBVBsCXQKyPyA4LMTD1dfV2cMxyNHQ0BCf/16nxYnd/v4z5cLpY6t/q2vKj8b44AYA0ZQWKwAA	EP4492-PCSB01030_00-PSVTHEMECHARA111		1648704		
PCSB01030	EU	Lu Bu Original Theme	MISSING	KO5ifR1dQ+e7BpiYWBpBVBsCXQKyPyA4LMTD1dfV2cMxyNHQ0ACf/+wUt3C38AcyGJtsfGlq1rNiNMYHNwAAfaoSYgAA	EP4492-PCSB01030_00-PSVTHEMECHARA110		1677312		
PCSB01030	EU	Iskandar Original Theme	MISSING	KO5ifR1dQ+e7BpiYWBpBVBsCXQKyPyA4LMTD1dfV2cMxyNHQ0Bif/5qmbZzamD5jwv7tlr8TVuy3H43xwQ0AUdYV4QAA	EP4492-PCSB01030_00-PSVTHEMECHARA113		1529120		
PCSB01030	EU	Artoria Pendragon Original Theme	MISSING	KO5ifR1dQ+e7BpiYWBpBVBsCXQKyPyA4LMTD1dfV2cMxyNHQ0Aif/762lzpdFmOJzt27YLdM9MWk0Rgf3AAA5/gUbAAA	EP4492-PCSB01030_00-PSVTHEMECHARA112		1658304		
PCSB01030	EU	Archimedes Original Theme	MISSING	KO5ifR1dQ+e7BpiYWBpBVBsCXQKyPyA4LMTD1dfV2cMxyNHQ0BSf/x4bbYqddz8/SMHg4S3WSrmnozE+uAEAX4UUswAA	EP4492-PCSB01030_00-PSVTHEMECHARA115		1487504		
PCSB01030	EU	Jeanne D'Arc Original Theme	MISSING	KO5ifR1dQ+e7BpiYWBpBVBsCXQKyPyA4LMTD1dfV2cMxyNHQ0ASf/6rFt1dF9uqsTZg5YYuN9CS90Rgf3AAAjEUTmgAA	EP4492-PCSB01030_00-PSVTHEMECHARA114		1753216		
PCSB01030	EU	Male Hero Original Theme	MISSING	KO5ifR1dQ+e7BpiYWBpBVBsCXQKyPyA4LMTD1dfV2cMxyNHQ0Byf/2KD1y/baq0VsLUtpOVm1v7vozE+uAEAQykVQgAA	EP4492-PCSB01030_00-PSVTHEMECHARA117		1238560		
PCSB01030	EU	Gilgamesh Original Theme	MISSING	KO5ifR1dQ+e7BpiYWBpBVBsCXQKyPyA4LMTD1dfV2cMxyNHQ0Ayf/26eiMp51HH4yJFrBsu3OG9aMBrjgxsAAO5bFtgA	EP4492-PCSB01030_00-PSVTHEMECHARA116		1672736		
PCSB01030	EU	Female Hero Original Theme	MISSING	KO5ifR1dQ+e7BpiYWBpBVBsCXQKyPyA4LMTD1dfV2cMxyNHQ0AKf/0KeJvG1xEzmjJtX/rdW5MSP0Rgf3AAATlEUrgAA	EP4492-PCSB01030_00-PSVTHEMECHARA118		1283664		
PCSB01030	EU	Nero Claudius Original Theme	MISSING	KO5ifR1dQ+e7BpiYWBpBVBsCXQKyPyA4LMTD1dfV2cMxyNHQwBCf/55PEjxvGuf0/Wh11oto2+Km0Rgf3AAA5E8VBAAA	EP4492-PCSB01030_00-PSVTHEMECHARA101		1626528		
PCSB01030	EU	Nameless Original Theme	MISSING	KO5ifR1dQ+e7BpiYWBpBVBsCXQKyPyA4LMTD1dfV2cMxyNHQwASf/76tuCyxgZeB0yDvzf2Kn3w6ozE+uAEAdk0UJgAA	EP4492-PCSB01030_00-PSVTHEMECHARA104		1634432		
PCSB01030	EU	Altera Original Theme	MISSING	KO5ifR1dQ+e7BpiYWBpBVBsCXQKyPyA4LMTD1dfV2cMxyBEoiM9/zJwPCnKbtSQt7B7KbD4lkT0a44MbAAAjIhLE	EP4492-PCSB01030_00-PSVTHEMECHARA103		1961008		
PCSB01030	EU	Gawain Original Theme	MISSING	KO5ifR1dQ+e7BpiYWBpBVBsCXQKyPyA4LMTD1dfV2cMxyNHQwAyf/2TS5wnseFL6ZH5HjkTP/a1nRmN8cAMArKUVggAA	EP4492-PCSB01030_00-PSVTHEMECHARA106		1557920		
PCSB01030	EU	Li Shuwen Original Theme	MISSING	KO5ifR1dQ+e7BpiYWBpBVBsCXQKyPyA4LMTD1dfV2cMxyNHQwBSf/zz+W7UFtWxVW/heYM6VZ1V3R2N8cAMAIxwVyQAA	EP4492-PCSB01030_00-PSVTHEMECHARA105		1637552		
PCSB01030	EU	Karna Original Theme	MISSING	KO5ifR1dQ+e7BpiYWBpBVBsCXQKyPyA4LMTD1dfV2cMxyNEQ6Eg8oCC29MbijZJ6P7cHC/F97X8+GuODGwAA6tcVCgAA	EP4492-PCSB01030_00-PSVTHEMECHARA108		1299664		
PCSB01030	EU	Cu Chulainn Original Theme	MISSING	KO5ifR1dQ+e7BpiYWBpBVBsCXQKyPyA4LMTD1dfV2cMxyNHQwByf/9b9+Rx8+HjmPt3KjadOSd0IG43xwQ0AiucWmgAA	EP4492-PCSB01030_00-PSVTHEMECHARA107		1622688		
PCSB01030	EU	Medusa Original Theme	MISSING	KO5ifR1dQ+e7BpiYWBpBVBsCXQKyPyA4LMTD1dfV2cMxyNEQxfkY4L+m0N2Q2Wd+LDv3p3zyK+O20Rgf3AAAplAWrwAA	EP4492-PCSB01030_00-PSVTHEMECHARA109		1242032		
PCSB01030	EU	Tamamo no Mae Original Theme	MISSING	KO5ifR1dQ+e7BpiYWBpBVBsCXQKyPyA4LMTD1dfV2cMxyNHQwAif/yawahenTtxtM3eZeV7+D8OJozE+uAEAFzcT8gAA	EP4492-PCSB01030_00-PSVTHEMECHARA102		1657952		
NPUX00001	US	Copacabana PSP® Theme	http://zeus.dl.playstation.net/cdn/UT0001/NPUX00001_00/ovwqoQqcxRCcZCYgGWiNSNMgmILdOGaNkZcirqIfpzhxixUZRoTccrTZxicodvgRiifvnhAXrMVRJvQsdLPgEXamRCAhAuLFyKOpH.pkg	MISSING	UT0001-NPUX00001_00-COPACABANAPSPT01		542240		0
PCSG00486	JP	神次次元ゲイム ネプテューヌRe;Birth3 女神候補生カスタムテーマ	http://zeus.dl.playstation.net/cdn/JP0031/PCSG00486_00/mKWxAJjhMueCjZAUuJtUJasWvijPNzhCqITKuQtnlNKXZMpUmSwEUpTrlJDQGateSXlgklnJFBtRqUJSStnivrWLqTOESIuIWqfuY.pkg	MISSING	JP0031-PCSG00486_00-PSVITATHEME00003		6074384		0
PCSG00693	JP	勇者死す。 PlayStation®Vitaテーマ	http://zeus.dl.playstation.net/cdn/JP0404/PCSG00693_00/JP0404-PCSG00693_00-CUSTOM000PSV0001_bg_1_06a805832f3afc4c5879e202117fc22bfcfe93b7.pkg	MISSING	JP0404-PCSG00693_00-CUSTOM000PSV0001		6544000		3.5
PCSE00625	US	Anne Stokes: Realm of Enchantment Theme	MISSING	KO5ifR1dQ+eHBhgZGsNMNTMyBdkfHOLv7Roc5Oro4+saYmgahs9/vH6ncrTVVH9fnV2Z8/6rx+vRGB/cAACx1xWA	UP2131-PCSE00625_00-STOKESREALMET15V		1303696		
PCSE00609	US	Epic Pirate Theme	MISSING	KO5ifR1dQ+eHAq0xMoeaamZgCbLfJdLP0dfTOSAoxDXEw9XXFZ//bnBN1W2yEKtZ9dXDrPfQVIvRGB/cAADTehRX	UT0027-PCSE00609_00-DYNAMICPRTETHEME		6227008		
PCSE00609	US	Epic Werewolf Theme	MISSING	KO5ifR1dQ+eHAq0xMoeaamZgCbLfJdLP0dfTOdzHzTDEw9XXFZ//3qc1GjrMmqn+/uFVjiXNApyjMT64AQBHKxSb	UT0027-PCSE00609_00-DYNAMICWLF1THEME		6148768		
PCSB01124	EU	Dragons Online Sheep Theme	MISSING	KO5ifR1dQ+e7BlhYmlhCVBsaGpmA7HcN8UBYaGBmis9/pq4Ju41EDG+br7M5ubPZOH00xgc3AAB3qBJ2	EP8949-PCSB01124_00-ETH0000000001065		3574768		
PCSG00519	JP	Friend to Lover ～フレラバ～ テーマ	MISSING	KO5ifR1dQ+d7BRgYW5pAbTE1tATZ7+bjH+Ya4uHq6wqxE5//RL+28Rx8u/AtZ3yJhkP4rJejMT64AQD2wRR7	JP0394-PCSG00519_00-FLOVETHEME000001		5981152		
PCSE00625	US	NBA: New York Knicks Theme	MISSING	KO5ifR1dQ+eHBhgZGsNMNTMyBdnv5+ToF+nt5+nsHQy00TQMn//2Gep5RX+XvbAm3mnF7A8HJ47G+OAGAEM2FUIA	UP2131-PCSE00625_00-NBANYKNICKS0015V		618608		
PCSG00298	JP	コープスパーティー BLOOD DRIVE カスタムテーマ	MISSING	KO5ifR1dQ+d7BRiYm5hCbTGytADZ7xzg5BIcGRzi6hvi4erraojPfxMLazV/XPFmOOW9dnlhQon3aIwPbgAAol8U0wAA	JP0745-PCSG00298_00-CPBDSYSTEMTHEME1		7110304		
PCSE00625	US	NHL: New York Islanders Theme	MISSING	KO5ifR1dQ+eHBhgZGsNMNTMyBdnv5+HjF+kZ7OPo5+IaZGgahs9/jU7NE16ceP37jH/9397Dsc9HY3xwAwBAmBeh	UP2131-PCSE00625_00-NHLNYISLANDER15V		1452432		
PCSC00095	JP	『どこでもいっしょ』×『ダンガンロンパ』コラボテーマ	MISSING	KO5ifR1dQ+d7BVgCHQAzxdIUZH+Ih6uvq6GZgamzv4+Po5MhPv+xvD3uV/1r5mPHg+2fJ3t0rhmN8cENAIvTFgwA	JP9003-PCSC00095_00-THEME1605COLLAB1		3081984		
PCSC00095	JP	『どこでもいっしょ』×『風來のシレン』コラボテーマ	MISSING	KO5ifR1dQ+d7BVgCHQAzxdIUZH+Ih6uvq6GZgamzv4+Po5MRPv/J9ChqpVpVZs3b9Xnv5pntt0djfHADAEZxFLUA	JP9003-PCSC00095_00-THEME1605COLLAB2		2638624		
PCSE00625	US	Downloading Theme	MISSING	KO5ifR1dQ+eHBhgZGsNMNTMyBdnvEuDiH+7n4+/oEhziaGgahs9/Idm35qvMMm5+vHZC7Tejr1KjMT64AQC9+hWD	UP2131-PCSE00625_00-DPDOWNLOADSTA15V		919488		
PCSE00625	US	Lightning Storm Theme	MISSING	KO5ifR1dQ+eHBhgZGsNMNTMyBdnvEuDj6e4R4ufp5x4cYmgahs9/mc8PF789eItju+4fM8MrBTWjMT64AQDdqhYr	UP2131-PCSE00625_00-DPLIGHTNINGST15V		1462816		
PCSE00625	US	Rainfall Theme	MISSING	KO5ifR1dQ+eHBhgZGsNMNTMyBdnvEhDk6Onn5ujjE+TqY2gahs9/sRIZ4ZncP6OtQo/fWLbaUnU0xgc3AADY7RPI	UP2131-PCSE00625_00-DPRAINFALLREL15V		941520		
PCSB01032	EU	Hakuoki: Kyoto Winds - Theme: Keisuke Sanan	MISSING	KO5ifR1dQ+e7BgDtN4SoNjQwNgLZ7+0Y5Rri4errCrHTHJ//CrqKc92upEbz9hzy3vCUs3s0xgc3AADJ3BPO	EP0031-PCSB01032_00-KAZETHEME0000007		3041776		
PCSE00625	US	New Era Theme	MISSING	KO5ifR1dQ+eHBhgZGsNMNTMyBdnv5ujt4R8aFOnnGu4aZGgahs9/3Xnt9zXTZMoK3vML7alI3jUa44MbAADwxBRq	UP2131-PCSE00625_00-FAKHOURYNEWER15V		1037184		
PCSE00625	US	Time Flies Theme	MISSING	KO5ifR1dQ+eHBhgZGsNMNTMyBdnv5ujt4R8aFBni6evqZmgahs9/MjL8Rst7pvMsts/b+SderW00xgc3AABBmBNs	UP2131-PCSE00625_00-FAKHOURYTIMEF15V		1238992		
PCSE00649	US	London theme	MISSING	KO5ifR1dQ+eHBpiYmFtATTUzsQTZb2RgaAp0jyWYBjoPn//Ksg5wvNj+dVvdhCV906zu+o/G+OAGAGinFNcA	UP4478-PCSE00649_00-2015040920150003		4162928		
PCSE00649	US	Sunrise theme	MISSING	KO5ifR1dQ+eHBpiYmFtATTUzsQTZb2RgaGpgaGhpZAi20hSf/0TyfRje6v9lvsjD6qcQ9FZvNMYHNwAAh3cRTQAA	UP4478-PCSE00649_00-2015011921000015		3213072		
PCSB01129	EU	Touhou Kobuto V: Burst Battle Theme 1	MISSING	KO5ifR1dQ+e7BhgamBlDVBsaGlmC7Pd2CgkL8XD1dYXaic9//W+T3mS+ua9y8cuH2DuPvL1GY3xwAwDyxBbl	EP1063-PCSB01129_00-KBTVTHEME0000001		2656384		
PCSB01129	EU	Touhou Kobuto V: Burst Battle Theme 2	MISSING	KO5ifR1dQ+e7BhgamBlDVBsaGlmC7Pd2CgkL8XD1dYXYaYTPf63nddaHzb19wmbKhS57/abM0Rgf3AAAO8EUpwAA	EP1063-PCSB01129_00-KBTVTHEME0000002		5425520		
PCSE00649	US	Paris theme	MISSING	KO5ifR1dQ+eHBpiYmFtATTUzsQTZb2RgaAp0jyWYBjoKn/+2xc9/3Kd6+Mn8dFHZc8L+r0ZjfHADAOpfE+4A	UP4478-PCSE00649_00-2015040920150005		3925008		
PCSE00609	US	Epic Green Stream Theme	MISSING	KO5ifR1dQ+eHAq0xMoeaamZgCbLfJdLP0dfT2T0oOCTEw9XXFZ//BJ8y5jvdbLgke69picMs1tDRGB/cAADdXhRb	UT0027-PCSE00609_00-DYNAMICGRSTTHEME		3704624		
PCSE00649	US	Cat Theme	MISSING	KO5ifR1dQ+eHBpiYmFtATTUzsQTZb2RgaGpgZmRkaAykgW7A579X5q+2XmLK2fLvivF0sZNls0ZjfHADAIRQFOYA	UP4478-PCSE00649_00-2015062213150002		4073456		
PCSG00486	JP	神次次元ゲイム ネプテューヌRe;Birth3 女神候補生カスタムテーマ	MISSING	KO5ifR1dQ+d7BQDtN4TaYmJhBrI/IDjMM8QxxMPV1xXsPHz+O2smvy7XtfXJz07/OVqnvbRGY3xwAwDhzBRq	JP0031-PCSG00486_00-PSVITATHEME00003		6074384		
PCSG00693	JP	勇者死す。 PlayStation Vitaテーマ	MISSING	KO5ifR1dQ+d7BQBtNoHaYmZpDLLfOTQ4xN8XqDkgOAxkJz7/+a1Xma7e8/TC8Zyqgp2GvTNGY3xwAwCeyRTh	JP0404-PCSG00693_00-CUSTOM000PSV0001		6544000		
PCSB01129	EU	Touhou Kobuto V: Burst Battle Theme 3	MISSING	KO5ifR1dQ+e7BhgamBlDVBsaGlmC7Pd2CgkL8XD1dYXYaYzPf2fszc8Hr8uesG3DrosbnMP8R2N8cAMAu8gU9gAA	EP1063-PCSB01129_00-KBTVTHEME0000003		5851824		
PCSB01011	EU	VALKYRIE DRIVE -BHIKKHUNI- Theme	MISSING	KO5ifR1dQ+e7BpgYWRpDVBsaGBqC7HcN8UDYaGppjM9/QV7ms+5bn5pu/ipnuVpW9cXRGB/cAACP/BO7	EP4293-PCSB01011_00-ETH0000000000593		3252352		
PCSG00202	JP	ダンガンロンパ1・2 Reload テーマ	MISSING	KO5ifR1dQ+d7BRgYm5lCbTEyMALZ7xwaHOLvG+Lh6usKthOf/ywfHzFSDJLmTSnlT0i/5DZ1NMYHNwAAAZESsAAA	JP0365-PCSG00202_00-CUSTOMTHEME00001		4813760		
PCSG00630	JP	『新次元ゲイム ネプテューヌVII』ラステイションテーマ（PS Vita）	MISSING	KO5ifR1dQ+d7BQDtN4TaYmYMtj/Ew9XXNQxupzE+/20/d3m7z7FdbWFrd3Q9ZjpzbDTGBzcAALGnFiwA	JP0031-PCSG00630_00-THEMEV0000000003		5323184		
PCSG00249	JP	｢WHITE ALBUM2 幸せの向こう側｣ テーマ	MISSING	KO5ifR1dQ+d7BRiYmxlCbTEysQTZH+7h6ejjZBTm4uPsDHSFIT7/3U11lHrVUvJR5sVPpTKXNTGjMT64AQDWsBT+	JP0761-PCSG00249_00-WHIALB2VDLCCT001		4190160		
PCSB01011	EU	VALKYRIE DRIVE -BHIKKHUNI- Theme (Bikini Party Edition)	MISSING	KO5ifR1dQ+e7BpgYWRpDVBsaGBqC7HcN8UDYaGFiiM9/sx8c3urm+qRAxqx5zlvX/RNHY3xwAwDixBSE	EP4293-PCSB01011_00-ETH0000000000841		3772224		
PCSB00882	EU	SENRAN KAGURA ESTIVAL VERSUS Gessen Girls' Academy Theme	MISSING	KO5ifR1dQ+e7BpiYWBpBVVtYGIHsh1kW4uHqC7TLEJ//lBUnZM2s2SdQLhGqGZQhLTYa44MbAAAuyhEO	EP4492-PCSB00882_00-00000000THEME001		4479600		
PCSC00099	JP	うーさーのその日暮らし夢幻編テーマ　オリジナルver.	MISSING	KO5ifR1dQ+d7BVgCHQAzxdISZH+4v3+wa5BxiIerL8gqQ3z++1amdD582tkiJmULAfcfP1+OxvjgBgCERBTN	JP9003-PCSC00099_00-WOOSER3THEME0001		2455312		
PCSC00099	JP	うーさーのその日暮らし夢幻編テーマ　エンディングver.	MISSING	KO5ifR1dQ+d7BVgCHQAzxdISZH+4v3+wa5BxiIerL8gqI3z+e3BjxgGnQ6Ur2/R5pp2xPLRjNMYHNwAAHIcVvwAA	JP9003-PCSC00099_00-WOOSER3THEME0002		6524112		
PCSE01104	US	Touhou Kobuto V: Burst Battle Theme 2	MISSING	KO5ifR1dQ+eHBhgamBlDTDU0NDAB2e/tFBIW4uHq6wqx0wif/xo/LNnSnrWvw6r8J0PhvK9vRmN8cAMAfsgWBQAA	UP1063-PCSE01104_00-KBTVTHEME0000002		5425520		
PCSE01104	US	Touhou Kobuto V: Burst Battle Theme 1	MISSING	KO5ifR1dQ+eHBhgamBlDTDU0NDAB2e/tFBIW4uHq6wq1E5//Elefd52uI+RQUsVaeaBJhXM0xgc3AACk0BJ6	UP1063-PCSE01104_00-KBTVTHEME0000001		2656384		
PCSB00882	EU	SENRAN KAGURA ESTIVAL VERSUS Hebijo Clandestine Girls' Academy	MISSING	KO5ifR1dQ+e7BpiYWBpBVVtYGIHsh1kW4uHqC7TLGJ//BDb17fl84PkrduE3qsf13KaPxvjgBgDsxBSE	EP4492-PCSB00882_00-00000000THEME003		4691840		
PCSB00882	EU	SENRAN KAGURA ESTIVAL VERSUS Hanzo National Academy Theme	MISSING	KO5ifR1dQ+e7BpiYWBpBVVtYGIHsDwgOC/Fw9XWF2mmEz38ffr1flZ3EruR+RS4khHE2/2iMD24AADDbE2QA	EP4492-PCSB00882_00-PSVTHEME00000002		4572320		
PCSB00882	EU	SENRAN KAGURA ESTIVAL VERSUS Homura's Crimson Squad Theme	MISSING	KO5ifR1dQ+e7BpiYWBpBVVtYGIHsDwgOC/Fw9XWF2mmCz3+rBROkfqbVHXwb87Z709T6DaMxPrgBAHnMFWwA	EP4492-PCSB00882_00-PSVTHEME00000004		4678368		
PCSB00882	EU	SENRAN KAGURA ESTIVAL VERSUS Overseers of the Festival Theme	MISSING	KO5ifR1dQ+e7BpiYWBpBVVtYGIHsDwgOC/Fw9XWF2mmKz3+lbz0vb604+NMlkOW91qPV20ZjfHADAAXpFbwA	EP4492-PCSB00882_00-PSVTHEME00000005		5105936		
PCSG01023	JP	『追放選挙』　PlayStation Vita用テーマ	MISSING	KO5ifR1dQ+d7BQBtNoHYYmhgZAyy3zk0OMTfF6g5IDgMZCc+/z3L2x7w4fDeju7yXs7V4nMXj8b44AYAnC4VdgAA	JP0404-PCSG01023_00-CUSTOM000PSV0001		6061584		
PCSG00405	JP	『レンドフルール』　ギスランテーマ	MISSING	KO5ifR1dQ+d7BQDtN4TaYmJgCrLf3cMzxMPV1xVmJz7/LfygfV16kwz7pZUXOi/wvtoxGuODGwAAyEAVBQAA	JP0031-PCSG00405_00-GHITHEME00000001		3010368		
PCSG00405	JP	『レンドフルール』　ユベールテーマ	MISSING	KO5ifR1dQ+d7BQDtN4TaYmJgCrLfI9QpxMPV1xVmJz7/bbTbeFLuTohcSb7vvqdXDY+OxvjgBgAxPhSp	JP0031-PCSG00405_00-HUBTHEME00000001		3218336		
PCSE01104	US	Touhou Kobuto V: Burst Battle Theme 3	MISSING	KO5ifR1dQ+eHBhgamBlDTDU0NDAB2e/tFBIW4uHq6wqx0xif/5q/LFFYNOnRbbtqBzn/wxy6ozE+uAEAIFkT9gAA	UP1063-PCSE01104_00-KBTVTHEME0000003		5851824		
PCSB01032	EU	Hakuoki: Kyoto Winds - Theme: Toshizo Hijikata	MISSING	KO5ifR1dQ+e7BgDtN4SoNjQwNgLZ7+0Y5Rri4errCrUTn/984s+/O6Nyd6t/7tbXX+KYRUdjfHADALiwFPUA	EP0031-PCSB01032_00-KAZETHEME0000001		3082480		
PCSB01032	EU	Hakuoki: Kyoto Winds - Theme: Souji Okita	MISSING	KO5ifR1dQ+e7BgDtN4SoNjQwNgLZ7+0Y5Rri4errCrHTCJ//vu5W7ihQiFZvvJb7riiQPWg0xgc3AABP8xOB	EP0031-PCSB01032_00-KAZETHEME0000002		3061328		
PCSB01032	EU	Hakuoki: Kyoto Winds - Theme: Heisuke Toudou	MISSING	KO5ifR1dQ+e7BgDtN4SoNjQwNgLZ7+0Y5Rri4errCrHTBJ//rHbsYDD0ONtrfufYt1TO1HejMT64AQClbxRV	EP0031-PCSB01032_00-KAZETHEME0000004		3053392		
PCSB01032	EU	Hakuoki: Kyoto Winds - Theme: Sanosuke Harada	MISSING	KO5ifR1dQ+e7BgDtN4SoNjQwNgLZ7+0Y5Rri4errCrHTFJ//krpfGn2sMrHdIrU/OGfyacXRGB/cAAAS5xP4	EP0031-PCSB01032_00-KAZETHEME0000005		2977024		
PCSG00405	JP	『レンドフルール』　ヴィオレットテーマ	MISSING	KO5ifR1dQ+d7BQDtN4TaYmJgCrI/zNM/xMPV1xVmJz7/mSnUdMy4c3t3wfffmd/f3XMbjfHBDQA1sBZ9	JP0031-PCSG00405_00-VIOTHEME00000001		3076240		
PCSG00405	JP	『レンドフルール』　ルイテーマ	MISSING	KO5ifR1dQ+d7BQDtN4TaYmJgCrLfxz80xMPV1xVmJz7/ZRnXdlkuEDx7hd248H+4PfdojA9uAAAPYRLB	JP0031-PCSG00405_00-LOUTHEME00000001		3069056		
PCSG00713	JP	百花百狼 ～戦国忍法帖～ テーマ	MISSING	KO5ifR1dQ+d7BRgYm5lDbTE3NAbZ7xHp6O3tGOLh6usKthOf/7wPMWjd3+28WHvH7aw2w+PMozE+uAEADcgT7gAA	JP0367-PCSG00713_00-HYAKKATHEME00001		7795472		
PCSB01032	EU	Hakuoki: Kyoto Winds - Theme: Shinpachi Nagakura	MISSING	KO5ifR1dQ+e7BgDtN4SoNjQwNgLZ7+0Y5Rri4errCrHTDJ//grcseR/IpbLYXO5LpuwWxQWjMT64AQDyWBNK	EP0031-PCSB01032_00-KAZETHEME0000006		2962400		
PCSB01032	EU	Hakuoki: Kyoto Winds - Theme: Susumu Yamazaki	MISSING	KO5ifR1dQ+e7BgDtN4SoNjQwNgLZ7+0Y5Rri4errCrHTAq//+NyYl/5c0KjUu7TmceG7RaMxPrgBAIXyFEYA	EP0031-PCSB01032_00-KAZETHEME0000008		2841152		
PCSB01032	EU	Hakuoki: Kyoto Winds - Theme: Hachiro Iba	MISSING	KO5ifR1dQ+e7BgDtN4SoNjQwNgLZ7+0Y5Rri4errCrHTEp//uBWrVdVsG/alFbb8Ovyk//9ojA9uAAB8rRRE	EP0031-PCSB01032_00-KAZETHEME0000009		3015552		
PCSB01032	EU	Hakuoki: Kyoto Winds - Theme: Kazue Souma	MISSING	KO5ifR1dQ+e7BgDtN4SoNjQwNgLZ7+0Y5Rri4errCrHSAJ//Nqm/SZ+XUt30+Ylh8y1OEeHRGB/cAAAtaBQF	EP0031-PCSB01032_00-KAZETHEME0000010		3060000		
PCSB01032	EU	Hakuoki: Kyoto Winds - Theme: Ryouma Sakamoto	MISSING	KO5ifR1dQ+e7BgDtN4SoNjQwNgLZ7+0Y5Rri4errCrHSEJ//jn6wXrGmZ9Gh6TIbV7fEzds2GuODGwAABYwVvwAA	EP0031-PCSB01032_00-KAZETHEME0000011		2991776		
PCSB01032	EU	Hakuoki: Kyoto Winds - Theme: Chikage Kazama	MISSING	KO5ifR1dQ+e7BgDtN4SoNjQwNgLZ7+0Y5Rri4errCrHSCJ//6juONLGuk/lm82iTaXKq+rTRGB/cAADwHBPj	EP0031-PCSB01032_00-KAZETHEME0000012		2966096		
PCSG00405	JP	『レンドフルール』　オルフェテーマ	MISSING	KO5ifR1dQ+d7BQDtN4TaYmJgCrLfPyggxMPV1xVmJz7/ff6zPPjlCY6TBlUKC1K3L3k/GuODGwAAHgUVzAAA	JP0031-PCSG00405_00-ORPTHEME00000001		3048832		
PCSB01032	EU	Hakuoki: Kyoto Winds - Theme: Hajime Saito	MISSING	KO5ifR1dQ+e7BgDtN4SoNjQwNgLZ7+0Y5Rri4errCrHTGJ//rsnse/53p/uSvJlrr3N+TQwfjfHBDQAJXxXA	EP0031-PCSB01032_00-KAZETHEME0000003		2970368		
PCSG00405	JP	『レンドフルール』　レオンテーマ	MISSING	KO5ifR1dQ+d7BQDtN4TaYmJgCrLfx9U/xMPV1xVmJz7/7W3pPJ4Uf+Lco+zce70bxJePxvjgBgDtyxWy	JP0031-PCSG00405_00-LEOTHEME00000001		3073504		
PCSG00708	JP	「薔薇に隠されしヴェリテ」ルイ16世のテーマ	MISSING	KO5ifR1dQ+d7BQDtN4TaYm5gAbLfyTHIMcw1yDPEw9UXZBc+/ykeTP/ElaX4czO33se/73L3jMb44AYAjn4VcgAA	JP0031-PCSG00708_00-BARAVERITHEME000		8200224		
PCSG00225	JP	魔界戦記ディスガイア4 Return PlayStation Vita用テーマ	MISSING	KO5ifR1dQ+d7BQBtNoHaYmRkCrLfOTQ4xN8XqDkgOAxkJz7/ed3YoJKXfeV/V4bhfEGzxdWjMT64AQC6bxRV	JP0404-PCSG00225_00-CUSTOM000PSV0001		4930720		
PCSG00627	JP	魔界戦記ディスガイア５ PlayStation Vita用テーマ	MISSING	KO5ifR1dQ+d7BQBtNoHaYmZkDrLfOTQ4xN8XqDkgOAxkJz7/8fJ+XS1p4cigJLgu+nUq34vRGB/cAABy6xJg	JP0404-PCSG00627_00-CUSTOM000PSV0001		5811696		
PCSG00838	JP	うたわれるもの 二人の白皇 テーマ	MISSING	KO5ifR1dQ+d7BRiYmxlCbbEwtgDZHxriGO4Y5OoGpENcfR2N8PmvO+KC7hRp/ZBbaiI35LIZlo/G+OAGABICE0cA	JP0761-PCSG00838_00-UTAWAREFUTATEMA2		0		
PCSG00562	JP	東方Projectテーマ『幻想郷四季・春』	MISSING	KO5ifR1dQ+d7BQBdYgK1xdTMCGR/mGeIY4iHb4iHSTDYDfj8Z6+571Z+Skiwso30arW172aPxvjgBgCDDROb	JP0704-PCSG00562_00-VITATHMTH4S00002		7229328		
PCSB01032	EU	Hakuoki: Kyoto Winds - Theme: Wind Scroll	MISSING	KO5ifR1dQ+e7BgDtN4SoNjQwNgLZ7+0Y5Rri4errCrHSGJ//XA683bKuYLuI0MejxWcWN6WOxvjgBgByWBVn	EP0031-PCSB01032_00-KAZETHEME0000013		2971200		
PCSE00928	US	Fate/EXTELLA — Nero Claudius Original Theme	MISSING	KO5ifR1dQ+eHBhgaGBlDTbU0sgDZHxAcFuLh6uvq7OEY5GhoYIjPf0/3n97bdfRlkXB3xDr2B9fzRmN8cAMAXEoWewAA	UP1023-PCSE00928_00-PSVTHEMECHARA101		1586768		
PCSH10008	ASIA	VALKYRIA : AZURE REVOLUTION THEME "Key Visual B"	MISSING	KO5ifR1dQ+d7BBgYmpuDVHsYghwEsj/Ew9XXFclOfP5jWVBmfGbzYdv5SYZHRDS/Ro/G+OAGANDRE0AA	HP0177-PCSH10008_00-THEME00000000001		3344528		
PCSH10008	ASIA	VALKYRIA : AZURE REVOLUTION THEME "Key Visual A"	MISSING	KO5ifR1dQ+d7BBgYmpuDVHsYghwEsj/Ew9XXFWGnET7/qc66enC/tlz91GknNr1ee/TtaIwPbgAA6UoVvQAA	HP0177-PCSH10008_00-THEME00000000002		3955728		
PCSG00562	JP	東方Projectテーマ『幻想郷四季・夏』	MISSING	KO5ifR1dQ+d7BQBdYgK1xdTMCGR/mGeIY4iHb4iHSTDYefj8J+ma0Xy31E1Jl+sdw/9Jy/VGY3xwAwDQExMv	JP0704-PCSG00562_00-VITATHMTH4S00003		5695168		
PCSG00562	JP	東方Projectテーマ『幻想郷四季・秋』	MISSING	KO5ifR1dQ+d7BQBdYgK1xdTMCGR/mGeIY4iHb4iHSTDYZfj8V99UGMA++2F1/Wvt429OxRiPxvjgBgDZYxUD	JP0704-PCSG00562_00-VITATHMTH4S00004		6623328		
PCSG00600	JP	Fate/EXTELLA　アルトリア・ペンドラゴン　オリジナルテーマ	MISSING	KO5ifR1dQ+d7BQAtNYfaAnQYyP6A4LAQD1dfV2cPxyBHQ0MjfP6rvrdl9eRlEWoOfN/Urq8/UT0a44MbAACMQBVp	JP0507-PCSG00600_00-PSVTHEMECHARA112		1625632		
PCSB00751	EU	Hyperdimension Neptunia ReBirth3 - CPU Candidate Custom Theme	MISSING	KO5ifR1dQ+e7BgDtN4SqNjc1BNkfEBzmGeIY4uHq6wp2Hj7/TW90E3E8viJn2tulfMsZY5NHY3xwAwDN5RPG	EP0031-PCSB00751_00-PSVITATHEME00003		6076240		
PCSE00928	US	Fate/EXTELLA - Artoria Original Theme	http://zeus.dl.playstation.net/cdn/UP1023/PCSE00928_00/UP1023-PCSE00928_00-PSVTHEMECHARA112_bg_1_c6a93a0fd64ad7dedf073c30e47b6264eec563f7.pkg	MISSING	UP1023-PCSE00928_00-PSVTHEMECHARA112		1606960		3.5
PCSH00279	ASIA	UPPERS MEN'S ver. Theme	http://zeus.dl.playstation.net/cdn/HP0507/PCSH00279_00/HP0507-PCSH00279_00-000000THEME002KR_bg_1_f46a778a0cc5cc5d237f557001ce3743d10b237f.pkg	MISSING	HP0507-PCSH00279_00-000000THEME002KR		1891328		3.5
PCSH00279	ASIA	UPPERS QUEEN ver. Theme	http://zeus.dl.playstation.net/cdn/HP0507/PCSH00279_00/HP0507-PCSH00279_00-000000THEME003KR_bg_1_2fc67d3c33afcee0d30906125a7465f69566e683.pkg	MISSING	HP0507-PCSH00279_00-000000THEME003KR		2934752		3.5
PCSH00306	ASIA	「박앵귀 바람의 장」 꼬마 캐릭터 테마	http://zeus.dl.playstation.net/cdn/KP0004/PCSH00306_00/KP0004-PCSH00306_00-KAZETHEME0000000_bg_1_f547d8765efe45fbc6038f10326581c4398321fb.pkg	MISSING	KP0004-PCSH00306_00-KAZETHEME0000000		2039456		3.5
PCSH10043	ASIA	신옥탑 메리스켈터 오리지널 테마	http://zeus.dl.playstation.net/cdn/KP0004/PCSH10043_00/KP0004-PCSH10043_00-ADDCONTENTDLC010_bg_1_5ce35c35b0d308a1b821d3855a2e76519d0b27ae.pkg	MISSING	KP0004-PCSH10043_00-ADDCONTENTDLC010		5446784		3.5