Title ID	Region	Name	Update Version	Required FW VERSION	PKG direct link	Last Modification Date	File Size	SHA256
PCSA00099	US	Tearaway Update 1.02	1.02	3	http://gs.ww.np.dl.playstation.net/ppkg/np/PCSA00099/PCSA00099_T1/f2a71af035fdb37b/UP9000-PCSA00099_00-TEARAWAY00000000-A0102-V0100-c5f301287e2c62578325c57a80284b357b3bba5a-PE.pkg		11786768	c8dcc1977e2d4d52b502951c6ff4df0c4bbcfd321cdaf081a8eef47c6cbfdadd
PCSG00024	JP	Monster Radar Update 1.04	1.04	1.66	http://gs.ww.np.dl.playstation.net/ppkg/np/PCSG00024/PCSG00024_T10/b316ce4fe746f8fd/JP0609-PCSG00024_00-MONSTERRADAR0000-A0104-V0101-405fc6600da2467d4ce9280315ae184cbbb40dbb-PE.pkg		35673872	7b345b8d60956bdf7250cbb9f37a340dd325c3bfdae21252b9b69db85f0feaf2
PCSG00031	JP	Pro Yakyuu Spirits 2012 Update 1.04	1.04	1.66	http://gs.ww.np.dl.playstation.net/ppkg/np/PCSG00031/PCSG00031_T14/9408dbd1ce01e9cf/JP0101-PCSG00031_00-PROBBSPIRITS2012-A0104-V0105-de4cb93129a23a430aca2444b8131a85ec20fc67-PE.pkg		134829168	3665a3245886a97aeed87f70a948e2baa648526b65f27930f3168515b89c1005
PCSG00047	JP	TOEIC Test: Jissen Tokkun Update 1.02	1.02	1.66	http://gs.ww.np.dl.playstation.net/ppkg/np/PCSG00047/PCSG00047_T2/4e7a4645590708e7/JP0007-PCSG00047_00-M5NR001TOEICMAIN-A0102-V0100-35d7e93b946333f84b4d9baec3ff6b64da7849b6-PE.pkg		39802496	b6e9cf7f2e863823785c3474600b90ba2fe13a5bcc44a8f512e4486c8ce4ac24
PCSG00064	JP	Jikkyou Powerful Pro Yakyuu 2012 Update 1.05	1.05	2	http://gs.ww.np.dl.playstation.net/ppkg/np/PCSG00064/PCSG00064_T9/7c512a93c552e59f/JP0101-PCSG00064_00-PAWAPURO2012B001-A0105-V0106-602829ca8d2cd42bb5d1433144779e57e28c441f-PE.pkg		52519536	a666fc0b55e3d1d7b84b6e702053db34d768af04d833f83edf875e14ac539a78
PCSG00099	JP	NextRev: Takken Shiken Update 1.01	1.01	3.15	http://gs.ww.np.dl.playstation.net/ppkg/np/PCSG00099/PCSG00099_T0/a919496b777a4417/JP0007-PCSG00099_00-M5NR009TAKKNMAIN-A0101-V0100-3c4615f0777629c40eb9b5988422f9bcc17173e7-PE.pkg		89820800	c02376c7c1c8f6a8424ef9f36beb7eb5426dd37b7789657ae5e8902bb21c2077
PCSG00102	JP	AKB1/149: Love Election Update 1.01	1.01	1.81	http://gs.ww.np.dl.playstation.net/ppkg/np/PCSG00102/PCSG00102_T0/12ce6de2838fd038/JP0700-PCSG00102_00-AKBRENAISSKDLG01-A0101-V0100-7da986521e6e281b4db0ca682631ca3d756c0681-PE.pkg		1808784	601f7be3af234d4821b9ed014f1fc85acb65620d8e5832bc7334ea262cc275e9
PCSG00109	JP	NextRev: Shakai Fukushishi Shiken Update 1.01	1.01	1.81	http://gs.ww.np.dl.playstation.net/ppkg/np/PCSG00109/PCSG00109_T0/a0b4beffac9dff27/JP0007-PCSG00109_00-M5NR011SHAFKMAIN-A0101-V0100-0eb632093fe7cfb881f532da19212f0046dd4b55-PE.pkg		1165984	44a87bd16044f95eb932ad5001a554a7327c93f00658208046469813d7dc5ce5
PCSG00121	JP	NextRev: Kaigo Fukushishi Shiken Update 1.01	1.01	1.81	http://gs.ww.np.dl.playstation.net/ppkg/np/PCSG00121/PCSG00121_T0/68bba0aa92a87297/JP0007-PCSG00121_00-M5NR012KAIGOMAIN-A0101-V0100-9d845e4e2dd18b1ad9d166250ac30768683606c1-PE.pkg		1179104	d253056e3084dcb78089509bcce233d94576a229af5fe987e9c39031ffd82360
PCSG00134	JP	Jikkyou Powerful Pro Yakyuu 2012 Ketteiban Update 1.02	1.02	2	http://gs.ww.np.dl.playstation.net/ppkg/np/PCSG00134/PCSG00134_T1/0ae81798d27fc1cf/JP0101-PCSG00134_00-PAWAPURO2012B001-A0102-V0102-4308f35b4104ababc1ac0565f01a891e6442f9fa-PE.pkg		6728704	c7f1bbecde8c13adc80afe028ded3ef4f6317b1c81778008db5e446774826af1
PCSG00143	JP	NextRev: Chuushoukigyou Shindanshi Shiken 1 Update 1.01	1.01	2.01	http://gs.ww.np.dl.playstation.net/ppkg/np/PCSG00143/PCSG00143_T0/f0e361720b028b7e/JP0007-PCSG00143_00-M5NR013CHUS1MAIN-A0101-V0100-b0a6577ca157a0c7fd2fe113835423dc991d0442-PE.pkg		2394480	0d236cffb1bc501453b5a53d8f0b7e39903417eaf37a810d3f2ff64089afb4dd
PCSG00144	JP	NextRev: Chuushoukigyou Shindanshi Shiken 2 Update 1.01	1.01	2.01	http://gs.ww.np.dl.playstation.net/ppkg/np/PCSG00144/PCSG00144_T0/74e970d13137d80f/JP0007-PCSG00144_00-M5NR014CHUS2MAIN-A0101-V0100-dda17d52918b621276958ac97a070b6cc85c779a-PE.pkg		1170272	b8d778b1161d1ff61f19a919647d168dd9268f521fea4dfc847d020a74dba2ba
PCSG00151	JP	Pro Yakyuu Spirits 2013 Update 1.07	1.07	2.5	http://gs.ww.np.dl.playstation.net/ppkg/np/PCSG00151/PCSG00151_T9/658244d5fe47856d/JP0101-PCSG00151_00-PROBBSPIRITS2013-A0107-V0102-ba5f52c0d651bed11f28e6cf23bf84cf7643c6b4-PE.pkg		77711552	c4c4ebc2bb1a6a52e22cfdba60ba13d9700c5564a52153f2c8f7778b9b28e211
PCSG00154	JP	San Goku Shi 12 Update 1.31	1.31	2.1	http://gs.ww.np.dl.playstation.net/ppkg/np/PCSG00154/PCSG00154_T37/9662ceb439248370/JP0106-PCSG00154_00-SANGOKUSHI12VITA-A0131-V0100-0ca44eca23306beb057130dde064fd83b2f9cf6a-PE.pkg		341816816	c5093ae73f72c70a402be27cdb130cdcf6f8911ac13ceaca6a03ee02d00adef0
PCSG00158	JP	NextRev: Sharoushi Shiken Update 1.01	1.01	2.01	http://gs.ww.np.dl.playstation.net/ppkg/np/PCSG00158/PCSG00158_T1/69bfc980a528e394/JP0007-PCSG00158_00-M5NR015SHAROMAIN-A0101-V0101-ebea820dfd754dd37506016945becb794c4d70c1-PE.pkg		1572224	bcef010aabec449286d1af49537cf4c23eff8bd13615479ff549cb47aa08ce57
PCSG00162	JP	Haiyore! Nyaruko-San: Meijoushigatai Game no You na Mono Update 1.10	1.1	2.05	http://gs.ww.np.dl.playstation.net/ppkg/np/PCSG00162/PCSG00162_T0/51c7ddc6b37b22fa/JP0745-PCSG00162_00-NYARLATHOTEP2865-A0110-V0100-2b03f851f6dbe01666f7b34a9c836cb14e13e851-PE.pkg		51837664	85db581c23a880a3d2243051e9a34d19561f43e3ce12b417ebf7f0cfb2cf47df
PCSG00181	JP	Kami Jigen Idol Neptune PP Update 1.01	1.01	2.11	http://gs.ww.np.dl.playstation.net/ppkg/np/PCSG00181/PCSG00181_T0/92ed9e2794672d11/JP0031-PCSG00181_00-KAMIJIGENIDOLNEP-A0101-V0100-d19aad7ac4bd0f825fd666c9b465bfa5bf8b39ad-PE.pkg		71198992	010c0e6a5198b3f5578ab98fa2c16295bc08cfd4a348c25bd3248b2a1e231874
PCSG00222	JP	Nihon Pro Mahjong Renmei Kounin: Motto 20-Bai! Mahjong ga Tsuyoku Naru Houhou - Shochuukyuusha Hen Update 1.01	1.01	2.61	http://gs.ww.np.dl.playstation.net/ppkg/np/PCSG00222/PCSG00222_T3/1f7eb02d23835039/JP0394-PCSG00222_00-PKGMT20SC0000000-A0101-V0100-667ffe13ab92ed1af37ba43d82f6962ae599e927-PE.pkg		1612496	0acc57f557fc765d25568e4f9df10dbe7e2524dc059b2601eca4950235624ba1
PCSG00228	JP	Super Heroine Chronicle: Chou Heroine Senki Update 1.01	1.01	3	http://gs.ww.np.dl.playstation.net/ppkg/np/PCSG00228/PCSG00228_T0/c6626debd5eca3e3/JP0700-PCSG00228_00-SHCPSVCNT0000000-A0101-V0100-b8bc3b90b634f149d2ffa38fda3855fc2cea1276-PE.pkg		38108512	efe6d688cbe28e5036abaa452fdd5b4aaf17bb3b21c4f0ddc142eef9ec6a7171
PCSG00238	JP	Winning Post 8 Update 1.05	1.05	3.01	http://gs.ww.np.dl.playstation.net/ppkg/np/PCSG00238/PCSG00238_T7/afe30d4e4eab28cf/JP0106-PCSG00238_00-WP8V000000000100-A0105-V0100-47a04ed946154cdc2ab6bf70e05ad8af76bd474a-PE.pkg		51248400	9c81833fda98a0f433f495ec62a07ce2b302bf9e26a61af4037d2995b6e64fd5
PCSG00288	JP	Pro Yakyuu Spirits 2014 Update 1.10	1.1	3.01	http://gs.ww.np.dl.playstation.net/ppkg/np/PCSG00288/PCSG00288_T8/8fb1b021fb9e29b8/JP0101-PCSG00288_00-PROBBSPIRITS2014-A0110-V0100-5540562225220238cb246bdc5b394babc5dd027b-PE.pkg		57744272	bb6be447ee65a05bd9f70ca7d0450990172428a7ccde9056b6e2bb95f6be606c
PCSG00331	JP	Lost Dimension Update 1.02	1.02	3.15	http://gs.ww.np.dl.playstation.net/ppkg/np/PCSG00331/PCSG00331_T4/ddb236a8cda715a8/JP0536-PCSG00331_00-LOSTDIMENSION001-A0102-V0100-78130f9bb39d8827d46bc4947d3b60f56b5f1673-PE.pkg		813359232	41cc138451b2e61a83af8338d9022092c45831306b676a7ab885b1ac9ad7ebb8
PCSG00431	JP	Norn9: Var Commons Update 1.01	1.01	3.3	http://gs.ww.np.dl.playstation.net/ppkg/np/PCSG00431/PCSG00431_T0/b0bcc2d6cfd67f96/JP0031-PCSG00431_00-IFNORNVARCOMMONS-A0101-V0100-1a6064127a9a5a23f62edf82acf98372dd5e72d5-PE.pkg		43916544	a847566b573e2cd0fe33568dbd7e6e0d4489716c491bc8052ad4c9efcde01879
PCSG00433	JP	Zettai Zetsubou Shoujo: Dangan-Ronpa - Another Episode Update 1.03	1.03	3.15	http://gs.ww.np.dl.playstation.net/ppkg/np/PCSG00433/PCSG00433_T2/c918be856a970af2/JP0365-PCSG00433_00-ZETTAIZETSUBOU00-A0103-V0100-39c210c1c4bb01524f9e311ab326c92145109d7e-PE.pkg		29682320	6b5058d4484eb51e6a4e358ca566ebf1c68f8edcd5e974b88128781afade3745
PCSG00445	JP	Tsurugi no Machi no Ihoujin: Kuro no Kyuuden Update 1.01	1.01	3.3	http://gs.ww.np.dl.playstation.net/ppkg/np/PCSG00445/PCSG00445_T0/f601a9e770d20247/JP0091-PCSG00445_00-SOABLACKPALACE01-A0101-V0101-146222dad24b9de4bde98b2db84b5a24a59d874a-PE.pkg		35549440	de91dd47fd780b4c1c75e0892ab9c1efa06d9601a9626d0fe82836e32d33ef63
PCSG00535	JP	Gakuen Heaven: Boy's Love Scramble! Update 1.02	1.02	3.35	http://gs.ww.np.dl.playstation.net/ppkg/np/PCSG00535/PCSG00535_T2/8aa3bc0dc3815c1b/JP0548-PCSG00535_00-0000000000000000-A0102-V0100-04912070b954f01e20b74f8281607d6a1e730e38-PE.pkg		4146928	7e6c3a5c50238ff967986767a1e526f639113dded388d8b5efb8e55e0330728c
PCSG00545	JP	Winning Post 8 2015 Update 1.06	1.06	3.36	http://gs.ww.np.dl.playstation.net/ppkg/np/PCSG00545/PCSG00545_T5/e978ae2ddffe01d6/JP0106-PCSG00545_00-WP82015V00000100-A0106-V0100-3a29cf963df3037bbac59ed4532b5e94709692bd-PE.pkg		8812784	b450b19b19da748142dd7f42c9fc1dd2cd4a50972e4dee71e8cccc511a804606
PCSG00585	JP	Gakuen Heaven 2: Double Scramble Update 1.01	1.01	3.36	http://gs.ww.np.dl.playstation.net/ppkg/np/PCSG00585/PCSG00585_T0/368d706ee2860406/JP0548-PCSG00585_00-0000000000000000-A0101-V0100-2186c5cae64c8bc7425ebe5e1447f8bf89c0443a-PE.pkg		10290224	02212ad94dccd18d70296bf63f40b7a6aa1a65c7091217eec84f900f61a58d56
PCSG00646	JP	Saki: Zenkoku-hen Update 1.03	1.03	3.52	http://gs.ww.np.dl.playstation.net/ppkg/np/PCSG00646/PCSG00646_T5/bd490c329b99029a/JP0394-PCSG00646_00-SAKIGAME00000003-A0103-V0100-9c47c57569c58cf2c73f85b3f3691ede1dd58585-PE.pkg		103737520	2a859f365e4e7650bbe68b695ed9230c78be129b420472e1fd93188a4be46807
PCSG00762	JP	Shingeki no Kyojin Update 1.03	1.03	3.55	http://gs.ww.np.dl.playstation.net/ppkg/np/PCSG00762/PCSG00762_T5/457ed6122b5c079b/JP0106-PCSG00762_00-AT1JPHDDGAME0000-A0103-V0100-aa6d98ceb70e5dcc346f0af065e7edec51f0f7ce-PE.pkg		24183952	77b6d938b7d7ee521cb0faab678922161947438c7f5c9c0ec5d775499e0de5db
PCSG00804	JP	Winning Post 8 2016 Update 1.06	1.06	3.57	http://gs.ww.np.dl.playstation.net/ppkg/np/PCSG00804/PCSG00804_T5/781388a85c0e938e/JP0106-PCSG00804_00-WP82016V00000100-A0106-V0100-29e29b9d535f327803823d7ef458f4d9a1de4dfe-PE.pkg		12069536	db5b7656be3013541d182577d39be3cb0090e65c183639c66b0734aa237a52cb
PCSG00815	JP	PsychicEmotion6 Update 1.02	1.02	3.61	http://gs.ww.np.dl.playstation.net/ppkg/np/PCSG00815/PCSG00815_T1/6ed11ab9e02ec38d/JP0031-PCSG00815_00-PSYCHICEMOTION06-A0102-V0100-85d06b0aec09ba59747775677ee1bd94d46ea0c2-PE.pkg		8422384	2581404be4b62a7daae4df6fbd6ba0e91c068c80aa197e0b099c4ac0f965a141
PCSG00893	JP	Shin Sangoku Musou: Eiketsuden Update 1.03	1.03	3.6	http://gs.ww.np.dl.playstation.net/ppkg/np/PCSG00893/PCSG00893_T2/8c5f24c63063c35f/JP0106-PCSG00893_00-PIECEGAMEJP00000-A0103-V0100-f466a873252bd84a0406bc60ff5005c4e0b4aaad-PE.pkg		15397552	11586f7bc55df8aad09f61ba929d398212089145511cdf36bf20ef17e6bded12
PCSG00974	JP	Super Robot Taisen V (Premium Anime Song & Sound Edition) Update 1.03	1.03	3.65	http://gs.ww.np.dl.playstation.net/ppkg/np/PCSG00974/PCSG00974_T2/898077325aa6ef01/JP0700-PCSG00974_00-EST001VTSRWJPSE0-A0103-V0100-81a374f0a6fb553cc9472b2f4bfab9c936335744-PE.pkg		18379056	c3de10f6b00b7fc29d67a5e2917b8c2d0d55b5b1b5dbd521cb24234aac71df31
PCSG00998	JP	Winning Post 8 2017 Update 1.06	1.06	3.65	http://gs.ww.np.dl.playstation.net/ppkg/np/PCSG00998/PCSG00998_T5/256eb783a0eb96b7/JP0106-PCSG00998_00-WP82017V00000100-A0106-V0100-8dc5d86f6865bb553ef9aeea45dd56396adce516-PE.pkg		10425808	920290c146bb822e23e30ad30b36cad932e1a075621b3a5931c6b8bf7413e364
PCSG01074	JP	Gintama Ranbu (AV Edition - Anime Sound & Voice Edition) Update 1.06	1.06	3.65	http://gs.ww.np.dl.playstation.net/ppkg/np/PCSG01074/PCSG01074_T7/4c7597857d55d36f/JP0700-PCSG01074_00-GINTAMANEWACTION-A0106-V0100-413684dfe61b45eba817aa8a8645d4143e8c10c3-PE.pkg		145087584	f10ff5dc77f0e6febdab8674aeda1690f355378a2066dee811bdbe7bac534fad
PCSG01208	JP	Wand of Fortune R2 FD: Kimi ni Sasageru Epilogue Update 1.01	1.01	3.68	http://gs.ww.np.dl.playstation.net/ppkg/np/PCSG01208/PCSG01208_T0/0c0bcf80cc0e0a75/JP0031-PCSG01208_00-WANDOFFORTUNE2FD-A0101-V0100-6ea4cea300c739f568b7cf499dfaf86831aeafc9-PE.pkg		4173232	9811a639451bfaf34c518a46a9f7426521527bc2f755dab8e5373dc90fd649e5
PCSF00448	EU	inviZimals: The Alliance Update 1.02	1.02	3	http://gs.ww.np.dl.playstation.net/ppkg/np/PCSF00448/PCSF00448_T0/b013e87c1288c5de/EP9000-PCSF00448_00-INVIZIMALS4GREEK-A0102-V0100-374e2ab3bf7ea8d4df2ac8be6b537f02d41d1204-PE.pkg		33146608	1c1e416188768f405d183e2f3e9504fedca344d8e2ece8528749943ec704a1e4
PCSD00021	ASIA	Unit 13 Update 1.01	1.01	1.6	http://gs.ww.np.dl.playstation.net/ppkg/np/PCSD00021/PCSD00021_T0/87db82fd695b5d9f/HP9000-PCSD00021_00-UNIT13ZIPPER0100-A0101-V0100-49af65cef387cef831a9f3076a09e7ea21dc8f9d-PE.pkg		8929008	3b14187a824b512f63c79a7df22f03866adf3797db6c711fa425e706ced0a415
PCSD00053	ASIA	Open Me! Update 1.01	1.01	2	http://gs.ww.np.dl.playstation.net/ppkg/np/PCSD00053/PCSD00053_T1/42b9dfed3db53dfe/HP9000-PCSD00053_00-000000D121213V01-A0101-V0101-ce6df7673328384d13437743b306ea54622803ee-PE.pkg		85489104	616fb8bd1aeebfcb3b9b0f83dba611fcfabae83c0bbb0546349a4b958868c2ad
PCSD00072	ASIA	Tearaway Update 1.02	1.02	3	http://gs.ww.np.dl.playstation.net/ppkg/np/PCSD00072/PCSD00072_T1/39bc8bd2e6e2f981/HP9000-PCSD00072_00-TEARAWAY00000000-A0102-V0100-60ebdbbcbb2f5a3f6ddda5c4e6a80d4dd8d2c9c2-PE.pkg		11657104	7caaffcb92b3d5f61cfd8400191a395645b9aa035c8b95c19cf62fff07d87eff
PCSH00019	ASIA	DJ Max Technika Tune Update 1.01	1.01	1.81	http://gs.ww.np.dl.playstation.net/ppkg/np/PCSH00019/PCSH00019_T0/a7fc02b212df70e2/HP5005-PCSH00019_00-DJMAXTUNEKR0100M-A0101-V0103-8787d687c2f73b20d61afa64aecf7ab36b13495d-PE.pkg		752784	d0bf14beadad5fd765497f5331f3e00155da9e96ed0159e5cd5ab13e91d232bb
PCSH00079	ASIA	Eiyuu Densetsu: Sen no Kiseki Update 1.03	1.03	3.15	http://gs.ww.np.dl.playstation.net/ppkg/np/PCSH00079/PCSH00079_T0/fd52553175b59374/HP0425-PCSH00079_00-EDSENNOKISEKIRLS-A0103-V0100-6af17a3a4b625425c059895684d285a2861a950e-PE.pkg		36191216	ed7afb2fc6ea2fbd7ff63ed4f3be3bcc641a532dd112a58989e2d5fa5e8e9f5f
PCSH00080	ASIA	Eiyuu Densetsu: Sen no Kiseki II Update 1.03	1.03	3.15	http://gs.ww.np.dl.playstation.net/ppkg/np/PCSH00080/PCSH00080_T2/3ce4940d9ec41be8/HP0425-PCSH00080_00-EDSENNOKISEKI2ND-A0103-V0100-69c13b65da468d0948f826bb1f283a60dfc409a4-PE.pkg		143589968	26e78e0b72708d39752c8dd02ef84bf5e268b636c4a966262a293bed487a192e
PCSH00097	ASIA	Hyperdimension Neptunia Re;Birth2: Sisters Generation Update 1.01	1.01	3.15	http://gs.ww.np.dl.playstation.net/ppkg/np/PCSH00097/PCSH00097_T5/a58ad1f369a9d0c5/KP0004-PCSH00097_00-NEPTUNEREBIRTH02-A0101-V0100-c3cb273c9e447ff042d84daf6fee14471b61e23b-PE.pkg		27192544	0e9b275e84a2ae2128a6db7623d8c9ce227a1b151b2c7f4448e2f2ffa7822fe0
PCSH00105	ASIA	Toukiden: Kiwami Update 1.01	1.01	3.35	http://gs.ww.np.dl.playstation.net/ppkg/np/PCSH00105/PCSH00105_T0/161bf02049443622/KP5014-PCSH00105_00-PKGTOUKIDEN00000-A0101-V0100-9759756d5fb3ea00c1bd12292a03fc8f19afd642-PE.pkg		74954240	ebc1d52cf5c9c324ec73fa0001e28f0b70c764d2a5cd60108603adf045f9708b
PCSH00135	ASIA	Sword Art Online: Lost Song Update 1.04	1.04	3.36	http://gs.ww.np.dl.playstation.net/ppkg/np/PCSH00135/PCSH00135_T3/eb2dfa1cdcf146df/HP0700-PCSH00135_00-PRODUCTPACKAGE01-A0104-V0100-abf51d8a992f41dc1a3da8024b74ba8d614e29e7-PE.pkg		422062992	74a95e646d69cfa405ade06852b42a145ec85069b95758700c566d80b709402f
PCSH00140	ASIA	Hyperdimension Neptunia Re;Birth3: V Century Update 1.01	1.01	3.36	http://gs.ww.np.dl.playstation.net/ppkg/np/PCSH00140/PCSH00140_T0/0061120165b86f86/KP0004-PCSH00140_00-NEPTUNEREBIRTH03-A0101-V0100-8e36af01d6b121165d8e9c6f1c4adc44c5e56469-PE.pkg		16557696	83b99949c1d3c493553f403fbf39b09ae1086017bcacf8b85132a1dacab11575
PCSH00154	ASIA	Escha & Logy no Atelier Plus: Tasogare no Sora no Renkinjutsushi Update 1.01	1.01	3.5	http://gs.ww.np.dl.playstation.net/ppkg/np/PCSH00154/PCSH00154_T0/d058ce19c0ae388c/KP5014-PCSH00154_00-ESLOGIPLUSMASTER-A0101-V0100-e265b2a9d203b9822d9efe738bc1843b4ec6af00-PE.pkg		3600944	6086782c2f355d550e23bd46c626c40b826a1c3806df2c7460626c954bd85041
PCSH00163	ASIA	Senran Kagura: Estival Versus Update 1.21	1.21	3.52	http://gs.ww.np.dl.playstation.net/ppkg/np/PCSH00163/PCSH00163_T6/af545d623c4c4634/HP0507-PCSH00163_00-0000000000000000-A0121-V0100-c511682adbca5a06b21d3459c89c24cad882915c-PE.pkg		2450288848	de3013da7a2367a4b767a01598da9d71182a931e8cd16c53c8a0893946f583d6
PCSH00187	ASIA	Resident Evil: Revelations 2 Update 1.04	1.04	3.52	http://gs.ww.np.dl.playstation.net/ppkg/np/PCSH00187/PCSH00187_T3/c4fa085cd3bac021/HP0102-PCSH00187_00-RESIDEVILREVELS2-A0104-V0100-5ce85e000bc93052667911dd87190d3c28d50d72-PE.pkg		908095584	c551b5dd04a0eccc68ebcb2ca809c567f820f04ea69bdd4375a4211883066c0c
PCSH00197	ASIA	Shin Sangoku Musou 7 Empires Update 1.02	1.02	3.52	http://gs.ww.np.dl.playstation.net/ppkg/np/PCSH00197/PCSH00197_T3/945c42c39d606221/KP5014-PCSH00197_00-SM7EMPGAMEKR0000-A0102-V0100-da64644429661f308fb95dfd79b179a1c428b67a-PE.pkg		11698528	2b04ef0f77ea9f89f965921fe5367d9710cef0efc5c711afd23442e69297563d
PCSH00208	ASIA	Gundam Breaker 3 Update 1.30	1.3	3.57	http://gs.ww.np.dl.playstation.net/ppkg/np/PCSH00208/PCSH00208_T10/79c35193d0032990/HP0700-PCSH00208_00-GUNDAMBREAKER3VM-A0130-V0100-e7062c86ea7858328011b43a2a990e9b4dced03e-PE.pkg		2778553632	32555e0166d5d910f9aa3850c002f670020da5cbf0b6aa12492a7faceac372d6
PCSH00216	ASIA	Deemo: Last Recital Update 1.05	1.05	3.65	http://gs.ww.np.dl.playstation.net/ppkg/np/PCSH00216/PCSH00216_T4/38753ef9507319f8/HP1248-PCSH00216_00-DEEMOLASTRECITAL-A0105-V0101-2963304b3ea42f7ad32b4261f4b6df818ffb44c7-PE.pkg		258926032	c41341cc99e58ae113311fa89b710107d893191bf2c5a47f1fd72b0f2934d55a
PCSH00219	ASIA	Yomawari: Night Alone Update 1.01	1.01	3.52	http://gs.ww.np.dl.playstation.net/ppkg/np/PCSH00219/PCSH00219_T0/6df6327eff1f178b/HP5036-PCSH00219_00-YOMAWARI00000000-A0101-V0100-f73b521be3ef72eed32588a2f50479c7846a1cf1-PE.pkg		550698128	537dd084cbc21db9b4150e9784fe9e97bc8d39b8d50db3a658e6e49781a8a648
PCSH00231	ASIA	Atelier Sophie: The Alchemist of the Mysterious Book Update 1.01	1.01	3.55	http://gs.ww.np.dl.playstation.net/ppkg/np/PCSH00231/PCSH00231_T0/aca8e3890c23d753/KP5014-PCSH00231_00-SOPHIE00MASTER00-A0101-V0100-b3b894a2758cb866f2bc239fc058211337ea1f97-PE.pkg		75748880	742d90dea7ebe88ac1bd0276b31efb1c0d2424727302d568e53ac7a9047237b6
PCSH00252	ASIA	Superdimension Neptune VS Sega Hard Girls Update 1.01	1.01	3.57	http://gs.ww.np.dl.playstation.net/ppkg/np/PCSH00252/PCSH00252_T2/8758e0da3dd3a795/KP0004-PCSH00252_00-NEPTUNEVS0000000-A0101-V0101-02792e99c376a3b066258f1b746f01fddf2946bf-PE.pkg		2160800	3dfbe1cfaa90091096453e78c6a55f72ab7996b97bc7293632026ea54335207e
PCSH00288	ASIA	Chaos;Child Update 1.01	1.01	3.63	http://gs.ww.np.dl.playstation.net/ppkg/np/PCSH00288/PCSH00288_T0/55f1a85961a5db79/KP5014-PCSH00288_00-CHAOSCHILD000PSV-A0101-V0100-85fe5102be1a6e101920476758ddcd953779529f-PE.pkg		30616656	96bce2d0d00600a899547edab4456ace5b4d038fcc80f20388922cff227b250c
PCSH10003	ASIA	Super Robot Wars V Update 1.03	1.03	3.65	http://gs.ww.np.dl.playstation.net/ppkg/np/PCSH10003/PCSH10003_T2/0c7a6779c7ad5acb/HP0700-PCSH10003_00-EST001VTSRWHG000-A0103-V0100-90858f43e59fcf8db5c98a375effe4f82f6fea2d-PE.pkg		19313024	9ad2753e9850cf29815e9f24373666c929dee03b55aaabcb102468a5b3ab2851
PCSH10013	ASIA	Atelier Firis: The Alchemist and the Mysterious Journey Update 1.01	1.01	3.63	http://gs.ww.np.dl.playstation.net/ppkg/np/PCSH10013/PCSH10013_T0/8f117b20d80d63fc/KP5014-PCSH10013_00-FIRISMASTER00000-A0101-V0100-5b73854d181649bec17b75733e7b1dffd7d95142-PE.pkg		524146192	4e4031df54fe0e8fe91ce922e34454293842e1917f24a8ca07d492bb00ef8e43
PCSH10021	ASIA	God Wars: Future Past Update 1.02	1.02	3.65	http://gs.ww.np.dl.playstation.net/ppkg/np/PCSH10021/PCSH10021_T1/4bf9e3bf9a01c76b/HP2281-PCSH10021_00-GDWSADDCONTENT00-A0102-V0100-bd0242f1f77f36f11bd614fb0ff8e0b1dd9f44e0-PE.pkg		92000624	65aeb1f78ef68f2a2a43486c11c315c0850689fed868623cfc4ecaba6dfce43a
PCSH10046	ASIA	Hakuouki: Shinkai - Hana no Shou Update 1.01	1.01	3.65	http://gs.ww.np.dl.playstation.net/ppkg/np/PCSH10046/PCSH10046_T0/a8f3a31c634a6b04/KP0004-PCSH10046_00-HAKUOKISHINKAI02-A0101-V0101-3b9e0292e42354a03b43a7d0d69a314f70e623a7-PE.pkg		5803008	d5b1b10d55b09eb060854dbe2c2f3c1b7ec241b93319e291b66e98f9995333f9
PCSH10074	ASIA	A Certain Magical Virtual-On Update 1.04	1.04	3.67	http://gs.ww.np.dl.playstation.net/ppkg/np/PCSH10074/PCSH10074_T3/4ad15dc91b682e2c/HP0177-PCSH10074_00-VOX2017INDEX0000-A0104-V0100-d5a3de8dbc2bed05ff9eae6f4d25a6560acb8585-PE.pkg		265945136	20d1ed4e75cb486814b84f8856b0b9519ec73fd655ec8b609817c58c9acb401a
PCSH10076	ASIA	The Lost Child Update 1.03	1.03	3.65	http://gs.ww.np.dl.playstation.net/ppkg/np/PCSH10076/PCSH10076_T3/fd92e712cb072c2d/KP0004-PCSH10076_00-THELOSTCHILD0000-A0103-V0100-6e6dcd2c29298037873e6ae9446105f84ca426fd-PE.pkg		87890080	ed6f98324175b8988958203aee8c4dafb16f6446e83b26c167e5d5c6248aadf1
PCSB01281	EU	VASARA Collection	1.01	3.69	http://gs.ww.np.dl.playstation.net/ppkg/np/PCSB01281/PCSB01281_T0/f795b38bc3ecf521/EP0546-PCSB01281_00-G000000000001193-A0101-V0100-1c9cc869d40eecc94d336e5767a70e03e68de342-PE.pkg		20165792	
35b82a5138616de8	US	Dino Dini's Kick Off	1.03	3.63	http://gs.ww.np.dl.playstation.net/ppkg/np/PCSE00820/PCSE00820_T2/35b82a5138616de8/UP4489-PCSE00820_00-G000000000000817-A0103-V0100-e730db5bc3de7b4102cc68554c290002220bca1e-PE.pkg		37203776	
74f61796089e5633	EU	Uncharted: Golden Abyss	1.03	1.81	http://gs.ww.np.dl.playstation.net/ppkg/np/PCSF00001/PCSF00001_T4/74f61796089e5633/EP9000-PCSF00001_00-0000000000000000-A0103-V0100-3a140143015381c9dab50560545190f6de4c84db-PE.pkg		93492432	
ee7168ba17ed68eb	US	ZEN Pinball 2	1.25	1.81	http://gs.ww.np.dl.playstation.net/ppkg/np/PCSE00050/PCSE00050_T24/ee7168ba17ed68eb/UP4042-PCSE00050_00-ZENPINBALL200001-A0125-V0100-35e39e4a96ebcc03bedfbf00b7fc8ad41273cc41-PE.pkg		29647232	
33535c26efba618f	EU	Spelunky	1.05	3.3	http://gs.ww.np.dl.playstation.net/ppkg/np/PCSB00359/PCSB00359_T4/33535c26efba618f/EP4407-PCSB00359_00-SPELUNKY00000000-A0105-V0100-26b2d03b4d5a0b74143fd969659e7234353fd27b-PE.pkg		6868224	
a24b0259eaa31750	ASIA	HELLDIVERS 绝地潜兵	7.01	3.65	http://gs.ww.np.dl.playstation.net/ppkg/np/PCSD00097/PCSD00097_T13/a24b0259eaa31750/HP9000-PCSD00097_00-HELLDIVERSSCECH0-A0701-V0100-f34d2f4948d8118c2a966c2c95a6fd44d8c3c0ac-PE.pkg		173945616	
65a67f3d6c84eb31	ASIA	HELLDIVERS 绝地潜兵	7.02	3.65	http://gs.ww.np.dl.playstation.net/ppkg/np/PCSD00097/PCSD00097_T14/65a67f3d6c84eb31/HP9000-PCSD00097_00-HELLDIVERSSCECH0-A0702-V0100-376298dbb4ffd38d28d747fe122c70965ce064a2-PE.pkg		174290448	
8c7e599a970bb3fa	JP	新釈・剣の街の異邦人 ～黒の宮殿～	1.2	3.6	http://gs.ww.np.dl.playstation.net/ppkg/np/PCSG00878/PCSG00878_T1/8c7e599a970bb3fa/JP0091-PCSG00878_00-NSOABLACKPALACE1-A0120-V0101-2a8b718237121fc576d3520005039e61af5d280c-PE.pkg		45569152	
10f8948c8ad98514	EU	Minecraft: PlayStation Vita Edition	1.83	3.65	http://gs.ww.np.dl.playstation.net/ppkg/np/PCSB00560/PCSB00560_T73/10f8948c8ad98514/EP4433-PCSB00560_00-MINECRAFTVIT0000-A0183-V0100-6a580a32534e8d5ff58420ed87e63922630816f1-SP-PE.pkg		34085584	
f40a4bb1a429dbb4	ASIA	BURIED STARS	1.01	3.69	http://gs.ww.np.dl.playstation.net/ppkg/np/PCSH10053/PCSH10053_T0/f40a4bb1a429dbb4/HP1422-PCSH10053_00-0000000000000000-A0101-V0100-628c92426c4eee1f5b0c3c1f970a5d7910214cd0-PE.pkg		750131920	
312d8ff865cb51f0	JP	結城友奈は勇者である 樹海の記憶	1.02	3.35	http://gs.ww.np.dl.playstation.net/ppkg/np/PCSG00502/PCSG00502_T2/312d8ff865cb51f0/JP0536-PCSG00502_00-YUNAJUKAINOKIOKU-A0102-V0100-b7f1e8f39d87c1c1e4500b292a600d44dfaafada-PE.pkg		38015648	
457ed6122b5c079b	JP	Shingeki no Kyojin	1.03	3.55	http://gs.ww.np.dl.playstation.net/ppkg/np/PCSG00762/PCSG00762_T5/457ed6122b5c079b/JP0106-PCSG00762_00-AT1JPHDDGAME0000-A0103-V0100-aa6d98ceb70e5dcc346f0af065e7edec51f0f7ce-PE.pkg		24183952	
69bbebb9228b3b27	US	Pachi Pachi on a Roll	1.01	3.69	http://gs.ww.np.dl.playstation.net/ppkg/np/PCSE01498/PCSE01498_T0/69bbebb9228b3b27/UP3686-PCSE01498_00-PACHIPGAMEVITANA-A0101-V0100-40f7af031438684a7796f3bc864a209b2a9408c2-PE.pkg		70483216	
PCSE01104	US	Touhou Kobuto V: Burst Battle	1.03	3.65	http://gs.ww.np.dl.playstation.net/ppkg/np/PCSE01104/PCSE01104_T4/1b48957b448a6b13/UP1063-PCSE01104_00-KBTVGAME00000001-A0103-V0100-d7c9f86c71c4e24be4dba1f627f0a987aca9f99c-SP-PE.pkg		62866112	
8a860ca2160ecde6	JP	SuperZangyura	1.03	3.69	http://gs.ww.np.dl.playstation.net/ppkg/np/PCSG01207/PCSG01207_T3/8a860ca2160ecde6/JP0704-PCSG01207_00-SUPERZANGYURA000-A0103-V0100-b2252abe47bdbf2c8f2f079a26e0fc4a9ad81bdf-PE.pkg		4404960	
8c6217596877cd52	US	Minecraft: PlayStation Vita Edition	1.77	3.65	http://gs.ww.np.dl.playstation.net/ppkg/np/PCSE00491/PCSE00491_T76/8c6217596877cd52/UP4433-PCSE00491_00-MINECRAFTVIT0000-A0177-V0100-c5ea0fcb7e9f31314cdb973a6f381ba309beccff-PE.pkg		1204661440	
1444e9a222f07627	ASIA	Horizon Chase Turbo	1.01	3.69	http://gs.ww.np.dl.playstation.net/ppkg/np/PCSH10315/PCSH10315_T0/1444e9a222f07627/HP2005-PCSH10315_00-HORIZONCHASETURB-A0101-V0100-168d8a5ff5b8abdd3885898a0f5e917361eb3f92-PE.pkg		219361824	
7a3bb7b2e4515c5b	EU	FIFA 13 (FR)	1.01	1.69	http://gs.ww.np.dl.playstation.net/ppkg/np/PCSB00171/PCSB00171_T0/7a3bb7b2e4515c5b/EP0006-PCSB00171_00-FIFAVITA20130001-A0101-V0100-d47d2103819cffa7373939c9414e647754f24c8d-PE.pkg		26078368	
0a538134a15982c5	JP	実況パワフルプロ野球２０１８	1.01	3.67	http://gs.ww.np.dl.playstation.net/ppkg/np/PCSG01164/PCSG01164_T18/0a538134a15982c5/JP0101-PCSG01164_00-PAWAPURO2018B001-A0101-V0100-96755979c46903a815d48b6838241b593e92500d-PE.pkg		134299360	
14713d4cc3b68c22	US	Dragon Ball Z: Battle of Z	1.01	2.61	http://gs.ww.np.dl.playstation.net/ppkg/np/PCSE00305/PCSE00305_T0/14713d4cc3b68c22/UP0700-PCSE00305_00-PRODUCTPACKAGE01-A0101-V0100-ee5c952cab474425c0bef6ce506838cf4563c6db-PE.pkg		10210096	
7c51afb652a7014b	US	Unit 13	1.01	1.6	http://gs.ww.np.dl.playstation.net/ppkg/np/PCSA00014/PCSA00014_T17/7c51afb652a7014b/UP9000-PCSA00014_00-UNIT13ZIPPER0100-A0101-V0100-7a159437305f5b4a3d6824be820c8a5e002f76f0-PE.pkg		8935872	
ba0a82497d694ba5	US	Sound Shapes	1.14	3.15	http://gs.ww.np.dl.playstation.net/ppkg/np/PCSA00003/PCSA00003_T17/ba0a82497d694ba5/UP9000-PCSA00003_00-SOUNDSHAPES00000-A0114-V0100-388e0c5905944d87490e945cc8f31aa8f9b19c82-PE.pkg		252554720	
d2737e4ea2005c7e	US	Killer Dolls United	1.04	3.69	http://gs.ww.np.dl.playstation.net/ppkg/np/PCSE01515/PCSE01515_T3/d2737e4ea2005c7e/UP0665-PCSE01515_00-KILLERDOLLSUNVAM-A0104-V0100-1904ab2ecb575bdc9642e8244bbd3e7005b0ebf5-PE.pkg		108109632	
37abea1010a48ff0	US	Ultra Mission	1.01	3.69	http://gs.ww.np.dl.playstation.net/ppkg/np/PCSE01513/PCSE01513_T0/37abea1010a48ff0/UP8008-PCSE01513_00-TRUELASTVITAGAME-A0101-V0100-70cc5744747e16934fc25e2e43c4cda4e5fe9666-PE.pkg		22004800	
b74b17f3752ce334	US	Battle Rockets	1.01	3.65	http://gs.ww.np.dl.playstation.net/ppkg/np/PCSE01507/PCSE01507_T1/b74b17f3752ce334/UP8008-PCSE01507_00-BATTLEROCKETS2NA-A0101-V0101-5d665bfe0247967dd2185bebf09c48dfb16a3d7d-PE.pkg		663952	
e12b3daf244142ee	US	ScourgeBringer	1.6	3.69	http://gs.ww.np.dl.playstation.net/ppkg/np/PCSE01505/PCSE01505_T0/e12b3daf244142ee/UP1309-PCSE01505_00-THELASTVITAGAME0-A0160-V0100-0cf259def2a5b6415dfdd9194b57f8938efaa019-PE.pkg		20207328	
0fb34713ce26a772	US	Retro City Rampage DX	1.01	3.65	http://gs.ww.np.dl.playstation.net/ppkg/np/PCSE00546/PCSE00546_T1/0fb34713ce26a772/UP2077-PCSE00546_00-RETROCITYRAMPAGE-A0101-V0100-ec1eb5a93db887f880df28590665ca7700be473a-PE.pkg		13374832	
497965568aeef20b	US	Rabi-Ribi	1.03	3.65	http://gs.ww.np.dl.playstation.net/ppkg/np/PCSE01111/PCSE01111_T0/497965568aeef20b/UP0737-PCSE01111_00-SP00000000200001-A0103-V0100-3aa777d83ab9fb0de67d16a60d833a966762581a-PE.pkg		36121008	
45b9147a5ccd808b	US	Shakedown: Hawaii	1.05	3.69	http://gs.ww.np.dl.playstation.net/ppkg/np/PCSE01125/PCSE01125_T4/45b9147a5ccd808b/UP2077-PCSE01125_00-SHAKEDOWNHAWAII0-A0105-V0100-f503840ae60772965afb4afdefa92c862b4e7729-PE.pkg		44847696	
32d641f0efb688a9	US	Night Trap - 25th Anniversary Edition	1.01	3.68	http://gs.ww.np.dl.playstation.net/ppkg/np/PCSE01149/PCSE01149_T0/32d641f0efb688a9/UP3455-PCSE01149_00-NIGHTTRAPANNI003-A0101-V0100-790f1521a8750c3f2c53f2ed0aa0cea6065dbea0-PE.pkg		69915808	
bcde7f3d84c92ade	US	MUSYNX	1.04	3.68	http://gs.ww.np.dl.playstation.net/ppkg/np/PCSE01184/PCSE01184_T10/bcde7f3d84c92ade/UP2011-PCSE01184_00-MUSYNCPSVUS00000-A0104-V0102-0efc58aa1b748a80a9ce53d29364814d7009939d-PE.pkg		457917344	
9c2fc2beae09e92a	US	Sir Eatsalot	1.01	3.67	http://gs.ww.np.dl.playstation.net/ppkg/np/PCSE01240/PCSE01240_T0/9c2fc2beae09e92a/UP4762-PCSE01240_00-G000000000001137-A0101-V0100-c834189d59e934da501980cb97a3c9b96c40c84d-PE.pkg		576416736	
761ee4cf15349c17	US	Pato Box	1.01	3.68	http://gs.ww.np.dl.playstation.net/ppkg/np/PCSE01268/PCSE01268_T4/761ee4cf15349c17/UP0209-PCSE01268_00-BRPB201800000000-A0101-V0100-245e6c42a68c1dcddb60edc43bdd8882ac449165-PE.pkg		365539792	
efb7b32a71b1683a	US	VASARA Collection	1.02	3.69	http://gs.ww.np.dl.playstation.net/ppkg/np/PCSE01314/PCSE01314_T0/efb7b32a71b1683a/UP2158-PCSE01314_00-VASARAHDCOLLEPSV-A0102-V0100-851ce53e4d4f26bbfb2ae16f59a1c71926b1d8e7-PE.pkg		17696944	
e1c2045ec8336b6e	US	Nurse Love Syndrome	1.01	3.69	http://gs.ww.np.dl.playstation.net/ppkg/np/PCSE01318/PCSE01318_T0/e1c2045ec8336b6e/UP1056-PCSE01318_00-NURSELOVESYNUS00-A0101-V0100-489fcd4ee72d14060666d5fe65ae6052d004c7eb-PE.pkg		2236893120	
b5102b9afe0e594f	US	Asdivine Hearts II	1.01	3.69	http://gs.ww.np.dl.playstation.net/ppkg/np/PCSE01335/PCSE01335_T0/b5102b9afe0e594f/UP2500-PCSE01335_00-US0AHEARTS20VITA-A0101-V0100-029cab6447c2c8e5f8b52e86b377c4eb740a51a0-PE.pkg		27983440	
38af3f3eb912cfea	US	Romancing SaGa 3	1.02	3.69	http://gs.ww.np.dl.playstation.net/ppkg/np/PCSE01337/PCSE01337_T1/38af3f3eb912cfea/UP0082-PCSE01337_00-ROMANCINGSAGA3HD-A0102-V0100-3b684a7129f037b377c725ea2c15f0007cf19a6e-PE.pkg		254402304	
e296b37dd8bd3ef8	US	Bonds of the Skies	1.01	3.69	http://gs.ww.np.dl.playstation.net/ppkg/np/PCSE01368/PCSE01368_T0/e296b37dd8bd3ef8/UP2500-PCSE01368_00-US0BOFTHES00VITA-A0101-V0100-29e51b792474ade2af377871d12b880bf43ad779-PE.pkg		22729408	
61ab60fc430e5538	US	Crossovers by POWGI	1.01	3.69	http://gs.ww.np.dl.playstation.net/ppkg/np/PCSE01377/PCSE01377_T0/61ab60fc430e5538/UP3743-PCSE01377_00-CROSSOVERSBYPOWG-A0101-V0100-67ad0f0bf800e12cc47af134105224d998ac5697-PE.pkg		22132272	
3e39f767ce55086b	US	Conga Master Go	1.02	3.69	http://gs.ww.np.dl.playstation.net/ppkg/np/PCSE01406/PCSE01406_T1/3e39f767ce55086b/UP3686-PCSE01406_00-CONGAMASTERVITUS-A0102-V0100-523f1431a6d64703aa8e17b0968e2360aa7262a7-PE.pkg		28753984	
82121b88b545dc06	US	Spirit Hunter: NG	1.01	3.69	http://gs.ww.np.dl.playstation.net/ppkg/np/PCSE01407/PCSE01407_T0/82121b88b545dc06/UP1024-PCSE01407_00-SPIRITHUNTERNGUS-A0101-V0101-6233300780581369624c453a1e06d2600a8e9c9b-PE.pkg		9077680	
f2cbb60ca3b52240	US	Vasilis	1.01	3.69	http://gs.ww.np.dl.playstation.net/ppkg/np/PCSE01412/PCSE01412_T0/f2cbb60ca3b52240/UP1675-PCSE01412_00-SYPSVVASILIS0000-A0101-V0100-63fd91a9456d75e8c853c16b50405df2097af563-PE.pkg		21553216	
74c999b65b433ae1	US	Pantsu Hunter	1.01	3.69	http://gs.ww.np.dl.playstation.net/ppkg/np/PCSE01417/PCSE01417_T0/74c999b65b433ae1/UP1675-PCSE01417_00-SYPSVPANTSUHUNTE-A0101-V0100-c0667f0d136ecd7b27663ba22edeaaa17bee3c71-PE.pkg		200310240	
a6533dd7b3f6f9c5	US	Color Slayer	1.02	3.69	http://gs.ww.np.dl.playstation.net/ppkg/np/PCSE01423/PCSE01423_T1/a6533dd7b3f6f9c5/UP0665-PCSE01423_00-COLORSLAYERPSVAM-A0102-V0101-f1e1d742c3b81396e7aa84294bdd5209289c4cc0-PE.pkg		37859552	
63017906241c7223	US	Asdivine Menace	1.01	3.69	http://gs.ww.np.dl.playstation.net/ppkg/np/PCSE01419/PCSE01419_T0/63017906241c7223/UP2500-PCSE01419_00-US0AMENACE00VITA-A0101-V0100-93a7f7aa30aecddf7986f301ddc65f5964ac51d6-PE.pkg		24861312	
e49a97737f04989a	US	Wizards of Brandel	1.01	3.69	http://gs.ww.np.dl.playstation.net/ppkg/np/PCSE01432/PCSE01432_T0/e49a97737f04989a/UP2500-PCSE01432_00-US0BRANDEL00VITA-A0101-V0100-ef985fd107096afca9dad4c5abb6123ab937f661-PE.pkg		27580976	
886f63dfa639700a	US	Pic-a-Pix Classic 2	1.01	3.69	http://gs.ww.np.dl.playstation.net/ppkg/np/PCSE01435/PCSE01435_T0/886f63dfa639700a/UP3743-PCSE01435_00-PICAPIXCLASSIC02-A0101-V0100-79ea1341f7ad167132900008319eb44372ca9f44-PE.pkg		124520384	
401003de455e4e74	US	Football Game	1.01	3.69	http://gs.ww.np.dl.playstation.net/ppkg/np/PCSE01443/PCSE01443_T0/401003de455e4e74/UP0891-PCSE01443_00-RATAFOOTBALLGAME-A0101-V0100-1966e26c0a5157607af473fb2646701dd1dd5b1f-PE.pkg		1925008	
a2a91ae9b4acde67	US	Active Neurons	1.01	3.69	http://gs.ww.np.dl.playstation.net/ppkg/np/PCSE01448/PCSE01448_T0/a2a91ae9b4acde67/UP1675-PCSE01448_00-SYPSVACTIVENEURO-A0101-V0100-652d6bcff73e310b5a3a8bd904ce854dc25f0e9d-PE.pkg		22620560	
fb98b0b96df63567	US	Twin Breaker: A Sacred Symbols Adventure	1.05	3.69	http://gs.ww.np.dl.playstation.net/ppkg/np/PCSE01452/PCSE01452_T4/fb98b0b96df63567/UP4836-PCSE01452_00-TWINBREAKERONPSV-A0105-V0100-874c90b20096bee9ec63ad1e73da2610b9217c4d-PE.pkg		4918064	
d29a2bf954285485	US	Explosive Jake	1.01	3.69	http://gs.ww.np.dl.playstation.net/ppkg/np/PCSE01454/PCSE01454_T0/d29a2bf954285485/UP1675-PCSE01454_00-SYPSVEXPLOSIVEJA-A0101-V0100-29ee9749a93ef3bfcaeee85f4b90af4a7ddb120f-PE.pkg		22998528	
333f18272186f367	US	Bucket Knight	1.01	3.69	http://gs.ww.np.dl.playstation.net/ppkg/np/PCSE01455/PCSE01455_T0/333f18272186f367/UP1675-PCSE01455_00-SYPSVBUCKETKNIGH-A0101-V0100-234f383ed8eaf64707c958f02f47ec928733ecf5-PE.pkg		26394912	
af35e9e5afed1377	US	Yumeutsutsu Re:Master	1.01	3.69	http://gs.ww.np.dl.playstation.net/ppkg/np/PCSE01461/PCSE01461_T0/af35e9e5afed1377/UP1056-PCSE01461_00-YURIMASTER000000-A0101-V0100-faab2bc9ac8dd781d0530347f5dc003a656f812b-PE.pkg		9751408	
0b09d15eb5afec39	US	Demon's Tier+	1.01	3.69	http://gs.ww.np.dl.playstation.net/ppkg/np/PCSE01467/PCSE01467_T0/0b09d15eb5afec39/UP1778-PCSE01467_00-DEMON00000000000-A0101-V0100-bd9d135c36b999ebfc4e8a71185dc425bf9a7b1b-PE.pkg		21025008	
15ca700621bf2ac7	US	Battle Rockets	1.01	3.69	http://gs.ww.np.dl.playstation.net/ppkg/np/PCSE01478/PCSE01478_T0/15ca700621bf2ac7/UP8008-PCSE01478_00-BATTLEROCKETSUSA-A0101-V0100-031ab1d9f15af34a7d25bed96df900f9ee8d2412-PE.pkg		9206496	
57f403e0270bac85	US	Mushroom Heroes	1.01	3.69	http://gs.ww.np.dl.playstation.net/ppkg/np/PCSE01479/PCSE01479_T0/57f403e0270bac85/UP3686-PCSE01479_00-MUSHROOMHEVITANA-A0101-V0100-ee352637d0be1d7dbc91c37fed049ab64172b819-PE.pkg		69579632	
c016d19874e2fd90	US	Kawaii Deathu Desu	1.03	3.69	http://gs.ww.np.dl.playstation.net/ppkg/np/PCSE01491/PCSE01491_T2/c016d19874e2fd90/UP5155-PCSE01491_00-KAWAIIDDS0000001-A0103-V0100-90269e3766ca00d8940ffe413b099c3d146f8d01-PE.pkg		158627984	
5aaf15484508a340	US	Astro Aqua Kitty	1.01	3.69	http://gs.ww.np.dl.playstation.net/ppkg/np/PCSE01497/PCSE01497_T0/5aaf15484508a340/UP4501-PCSE01497_00-ASTROCATSVT000US-A0101-V0100-046375b9eb5f6d74dbd0d21f8f2accdaf97e5a37-PE.pkg		220039376	
ea6187ba303240e1	US	Habroxia 2	1.02	3.69	http://gs.ww.np.dl.playstation.net/ppkg/np/PCSE01504/PCSE01504_T1/ea6187ba303240e1/UP4836-PCSE01504_00-HABROXIA2GAMEPSV-A0102-V0100-662ae1db0f64a1fd1077d30cb068fe37813f4e80-PE.pkg		20086592	
83dc59a45857bc1c	US	Russian Subway Dogs	1.01	3.69	http://gs.ww.np.dl.playstation.net/ppkg/np/PCSE01226/PCSE01226_T1/83dc59a45857bc1c/UP0634-PCSE01226_00-RUSSUBDOGSPSV000-A0101-V0101-f29e72ccb6335935a59c096ba096db6be283847d-PE.pkg		86068880	
1c7883f564f6d1cb	EU	Conga Master Go	1.02	3.69	http://gs.ww.np.dl.playstation.net/ppkg/np/PCSB01368/PCSB01368_T1/1c7883f564f6d1cb/EP3540-PCSB01368_00-G000000000001278-A0102-V0100-9feea7a57d727134d81e83f0d1565485ef9adf17-PE.pkg		28828336	
c41c176b313d05db	EU	Ghoulboy	1.02	3.69	http://gs.ww.np.dl.playstation.net/ppkg/np/PCSB01378/PCSB01378_T1/c41c176b313d05db/EP3540-PCSB01378_00-G000000000001288-A0102-V0100-75be2af1904d8ab53732ecdfe92a2af69635e327-PE.pkg		83913888	
f98886fa61ec970c	US	CLIFF DIVING	1.01	1.66	http://gs.ww.np.dl.playstation.net/ppkg/np/PCSA00038/PCSA00038_T0/f98886fa61ec970c/UP9000-PCSA00038_00-CLIFFDIVING00001-A0101-V0100-c116c68713d62c5672cc1121d0b91efa54fac29f-PE.pkg		58927888	
55c7f832bba3a2d6	EU	Minecraft: PlayStation Vita Edition	1.83	3.65	http://gs.ww.np.dl.playstation.net/ppkg/np/PCSB00560/PCSB00560_T72/55c7f832bba3a2d6/EP4433-PCSB00560_00-MINECRAFTVIT0000-A0183-V0100-f0311201112a109ca7a368ed8a1767188ded972c-PE.pkg		1274316000	
791fc2740a642288	US	Stardew Valley	1.02	3.67	http://gs.ww.np.dl.playstation.net/ppkg/np/PCSE01235/PCSE01235_T1/791fc2740a642288/UP2456-PCSE01235_00-STARDEW00000SIEA-A0102-V0100-fe543404458cce0831718b96dd8c3188ad667257-PE.pkg		21039424	
da532139299e7db1	ASIA	신옥탑 메리스켈터	1.02	3.65	http://gs.ww.np.dl.playstation.net/ppkg/np/PCSH10043/PCSH10043_T3/da532139299e7db1/KP0004-PCSH10043_00-CHMARYSKELTER001-A0102-V0100-7bb2959387ff5caf2d8a60daec1e261ea681040c-PE.pkg		7681552	
791a12e9ac351e56	ASIA	Death Tales	1.01	3.69	http://gs.ww.np.dl.playstation.net/ppkg/np/PCSH10289/PCSH10289_T0/791a12e9ac351e56/HP2005-PCSH10289_00-DEATHTALES000100-A0101-V0100-2e8ca5d6e58aae3c5d5e5c79b5768126d61219f8-PE.pkg		149340928	
48fe227e034f1bc0	ASIA	SkullPirates	1.01	3.69	http://gs.ww.np.dl.playstation.net/ppkg/np/PCSH10263/PCSH10263_T0/48fe227e034f1bc0/HP2005-PCSH10263_00-SKULLPIRATES0100-A0101-V0100-2135959bfba452852af355983b2b86af7b31d1a3-PE.pkg		87862336	
c780e642416a285b	EU	Russian Subway Dogs	1.01	3.69	http://gs.ww.np.dl.playstation.net/ppkg/np/PCSB01464/PCSB01464_T0/c780e642416a285b/EP0630-PCSB01464_00-RUSSUBDOGSPSV000-A0101-V0101-ca16f007d66e1a77b2e25f707d5957597049b0c4-PE.pkg		86068624	
bb616b72b54d6143	EU	Killer Dolls United	1.04	3.69	http://gs.ww.np.dl.playstation.net/ppkg/np/PCSB01477/PCSB01477_T3/bb616b72b54d6143/EP0662-PCSB01477_00-KILLERDOLLSUNVEU-A0104-V0100-8e1433d814c22d48bb54bb43fe04b8c9f379a5f5-PE.pkg		108109632	
c17810a6e4711702	EU	Ultra Mission	1.01	3.69	http://gs.ww.np.dl.playstation.net/ppkg/np/PCSB01480/PCSB01480_T0/c17810a6e4711702/EP8200-PCSB01480_00-POORLYAGEDTHINGS-A0101-V0100-72cb103951a9739886fd04ab840a58c33a84344c-PE.pkg		22004800	
eae0c8ce495bea25	EU	ScourgeBringer (3.69+)	1.6	3.69	http://gs.ww.np.dl.playstation.net/ppkg/np/PCSB01467/PCSB01467_T0/eae0c8ce495bea25/EP1302-PCSB01467_00-THELASTVITAGAME0-A0160-V0100-766bc4abd392c5a4ea9c13e724e1aa9fbe7176f1-PE.pkg		20207328	
c4fa085cd3bac021	ASIA	Resident Evil: Revelations 2 (AS)	1.04	3.52	http://gs.ww.np.dl.playstation.net/ppkg/np/PCSH00187/PCSH00187_T3/c4fa085cd3bac021/HP0102-PCSH00187_00-RESIDEVILREVELS2-A0104-V0100-5ce85e000bc93052667911dd87190d3c28d50d72-PE.pkg		908095584	
8aa3bc0dc3815c1b	JP	学園ヘヴン BOY'S LOVE SCRAMBLE!	1.02	3.35	http://gs.ww.np.dl.playstation.net/ppkg/np/PCSG00535/PCSG00535_T2/8aa3bc0dc3815c1b/JP0548-PCSG00535_00-0000000000000000-A0102-V0100-04912070b954f01e20b74f8281607d6a1e730e38-PE.pkg		4146928	
e978ae2ddffe01d6	JP	Winning Post 8 2015	1.06	3.36	http://gs.ww.np.dl.playstation.net/ppkg/np/PCSG00545/PCSG00545_T5/e978ae2ddffe01d6/JP0106-PCSG00545_00-WP82015V00000100-A0106-V0100-3a29cf963df3037bbac59ed4532b5e94709692bd-PE.pkg		8812784	
b26f77d6159c89da	EU	Battle Rockets	1.01	3.69	http://gs.ww.np.dl.playstation.net/ppkg/np/PCSB01433/PCSB01433_T0/b26f77d6159c89da/EP8200-PCSB01433_00-BATTLEROCKETSPSV-A0101-V0100-bd8067ba02d4a5747ad1e87db75ab371aa1ece78-PE.pkg		9206496	
bd490c329b99029a	JP	咲-Saki-全国編	1.01	3.52	http://gs.ww.np.dl.playstation.net/ppkg/np/PCSG00646/PCSG00646_T5/bd490c329b99029a/JP0394-PCSG00646_00-SAKIGAME00000003-A0101-V0101-bf609662df575c0ed01b16ce6973c1bf0f9d0b8a-PE.pkg		45011408	
bd490c329b99029a	JP	Saki: Zenkoku-hen	1.03	3.52	http://gs.ww.np.dl.playstation.net/ppkg/np/PCSG00646/PCSG00646_T5/bd490c329b99029a/JP0394-PCSG00646_00-SAKIGAME00000003-A0103-V0100-9c47c57569c58cf2c73f85b3f3691ede1dd58585-PE.pkg		103737520	
9e74ce4195750f66	JP	Fushigi no Gensoukyou: The Tower of Desire	1.13	3.5	http://gs.ww.np.dl.playstation.net/ppkg/np/PCSG00642/PCSG00642_T23/9e74ce4195750f66/JP0704-PCSG00642_00-0000000000000001-A0113-V0100-8b007091a616b02d6671064bbf94fcd692e63c6f-PE.pkg		350434992	
9e74ce4195750f66	JP	Fushigi no Gensokyo-THE TOWER OF DESIRE-	1.08	3.5	http://gs.ww.np.dl.playstation.net/ppkg/np/PCSG00642/PCSG00642_T23/9e74ce4195750f66/JP0704-PCSG00642_00-0000000000000001-A0108-V0101-96a73c62fe3476e7350b70628d9d5294f933fcb2-SP-PE.pkg		71152016	
87db82fd695b5d9f	ASIA	Unit 13	1.01	1.6	http://gs.ww.np.dl.playstation.net/ppkg/np/PCSD00021/PCSD00021_T0/87db82fd695b5d9f/HP9000-PCSD00021_00-UNIT13ZIPPER0100-A0101-V0100-49af65cef387cef831a9f3076a09e7ea21dc8f9d-PE.pkg		8929008	
b316ce4fe746f8fd	JP	モンスターレーダー	1.04	1.66	http://gs.ww.np.dl.playstation.net/ppkg/np/PCSG00024/PCSG00024_T10/b316ce4fe746f8fd/JP0609-PCSG00024_00-MONSTERRADAR0000-A0104-V0101-405fc6600da2467d4ce9280315ae184cbbb40dbb-PE.pkg		35673872	
9408dbd1ce01e9cf	JP	Pro Yakyuu Spirits 2012	1.04	1.66	http://gs.ww.np.dl.playstation.net/ppkg/np/PCSG00031/PCSG00031_T14/9408dbd1ce01e9cf/JP0101-PCSG00031_00-PROBBSPIRITS2012-A0104-V0105-de4cb93129a23a430aca2444b8131a85ec20fc67-PE.pkg		134829168	
4e7a4645590708e7	JP	TOEIC(R) TEST 実戦特訓	1.02	1.66	http://gs.ww.np.dl.playstation.net/ppkg/np/PCSG00047/PCSG00047_T2/4e7a4645590708e7/JP0007-PCSG00047_00-M5NR001TOEICMAIN-A0102-V0100-35d7e93b946333f84b4d9baec3ff6b64da7849b6-PE.pkg		39802496	
7c512a93c552e59f	JP	Jikkyou Powerful Pro Yakyuu 2012	1.05	2	http://gs.ww.np.dl.playstation.net/ppkg/np/PCSG00064/PCSG00064_T9/7c512a93c552e59f/JP0101-PCSG00064_00-PAWAPURO2012B001-A0105-V0106-602829ca8d2cd42bb5d1433144779e57e28c441f-PE.pkg		52519536	
e7bc99c1fd121bae	JP	J-Stars Victory Vs (Anison Sound Edition)	1.02	3.01	http://gs.ww.np.dl.playstation.net/ppkg/np/PCSG00301/PCSG00301_T1/e7bc99c1fd121bae/JP0700-PCSG00301_00-WJ45JSVVSPSV000A-A0102-V0100-7874fed8a1aeec24a9dde5b9812c1f0aacc106cf-PE.pkg		8237776	
a919496b777a4417	JP	ネクレボ 宅建試験	1.01	3.15	http://gs.ww.np.dl.playstation.net/ppkg/np/PCSG00099/PCSG00099_T0/a919496b777a4417/JP0007-PCSG00099_00-M5NR009TAKKNMAIN-A0101-V0100-3c4615f0777629c40eb9b5988422f9bcc17173e7-PE.pkg		89820800	
a0b4beffac9dff27	JP	NextRev: Shakai Fukushishi Shiken	1.01	1.81	http://gs.ww.np.dl.playstation.net/ppkg/np/PCSG00109/PCSG00109_T0/a0b4beffac9dff27/JP0007-PCSG00109_00-M5NR011SHAFKMAIN-A0101-V0100-0eb632093fe7cfb881f532da19212f0046dd4b55-PE.pkg		1165984	
68bba0aa92a87297	JP	NextRev: Kaigo Fukushishi Shiken	1.01	1.81	http://gs.ww.np.dl.playstation.net/ppkg/np/PCSG00121/PCSG00121_T0/68bba0aa92a87297/JP0007-PCSG00121_00-M5NR012KAIGOMAIN-A0101-V0100-9d845e4e2dd18b1ad9d166250ac30768683606c1-PE.pkg		1179104	
0ae81798d27fc1cf	JP	実況パワフルプロ野球２０１２決定版	1.02	2	http://gs.ww.np.dl.playstation.net/ppkg/np/PCSG00134/PCSG00134_T1/0ae81798d27fc1cf/JP0101-PCSG00134_00-PAWAPURO2012B001-A0102-V0102-4308f35b4104ababc1ac0565f01a891e6442f9fa-PE.pkg		6728704	
f0e361720b028b7e	JP	NextRev: Chuushoukigyou Shindanshi Shiken 1	1.01	2.01	http://gs.ww.np.dl.playstation.net/ppkg/np/PCSG00143/PCSG00143_T0/f0e361720b028b7e/JP0007-PCSG00143_00-M5NR013CHUS1MAIN-A0101-V0100-b0a6577ca157a0c7fd2fe113835423dc991d0442-PE.pkg		2394480	
74e970d13137d80f	JP	NextRev: Chuushoukigyou Shindanshi Shiken 2	1.01	2.01	http://gs.ww.np.dl.playstation.net/ppkg/np/PCSG00144/PCSG00144_T0/74e970d13137d80f/JP0007-PCSG00144_00-M5NR014CHUS2MAIN-A0101-V0100-dda17d52918b621276958ac97a070b6cc85c779a-PE.pkg		1170272	
1f7eb02d23835039	JP	日本プロ麻雀連盟公認 もっと２０倍！ 麻雀が強くなる方法 ～初中級者編～	1.01	2.61	http://gs.ww.np.dl.playstation.net/ppkg/np/PCSG00222/PCSG00222_T3/1f7eb02d23835039/JP0394-PCSG00222_00-PKGMT20SC0000000-A0101-V0100-667ffe13ab92ed1af37ba43d82f6962ae599e927-PE.pkg		1612496	
afe30d4e4eab28cf	JP	Winning Post 8	1.05	3.01	http://gs.ww.np.dl.playstation.net/ppkg/np/PCSG00238/PCSG00238_T7/afe30d4e4eab28cf/JP0106-PCSG00238_00-WP8V000000000100-A0105-V0100-47a04ed946154cdc2ab6bf70e05ad8af76bd474a-PE.pkg		51248400	
ddb236a8cda715a8	JP	LOST DIMENSION	1.02	3.15	http://gs.ww.np.dl.playstation.net/ppkg/np/PCSG00331/PCSG00331_T4/ddb236a8cda715a8/JP0536-PCSG00331_00-LOSTDIMENSION001-A0102-V0100-78130f9bb39d8827d46bc4947d3b60f56b5f1673-PE.pkg		813359232	
f601a9e770d20247	JP	Tsurugi no Machi no Ihoujin: Kuro no Kyuuden	1.01	3.3	http://gs.ww.np.dl.playstation.net/ppkg/np/PCSG00445/PCSG00445_T0/f601a9e770d20247/JP0091-PCSG00445_00-SOABLACKPALACE01-A0101-V0101-146222dad24b9de4bde98b2db84b5a24a59d874a-PE.pkg		35549440	
8c5f24c63063c35f	JP	Shin Sangoku Musou: Eiketsuden	1.03	3.6	http://gs.ww.np.dl.playstation.net/ppkg/np/PCSG00893/PCSG00893_T2/8c5f24c63063c35f/JP0106-PCSG00893_00-PIECEGAMEJP00000-A0103-V0100-f466a873252bd84a0406bc60ff5005c4e0b4aaad-PE.pkg		15397552	
53a2295ce5493f45	EU	Disney Infinity 2.0 Play Without Limits	1.01	3.36	http://gs.ww.np.dl.playstation.net/ppkg/np/PCSB00699/PCSB00699_T0/53a2295ce5493f45/EP1006-PCSB00699_00-0000000004140236-A0101-V0100-9c06085f24bd2cc837e5584f12e8431f7ed8da28-PE.pkg		23178912	
39bc8bd2e6e2f981	ASIA	Tearaway	1.02	3	http://gs.ww.np.dl.playstation.net/ppkg/np/PCSD00072/PCSD00072_T1/39bc8bd2e6e2f981/HP9000-PCSD00072_00-TEARAWAY00000000-A0102-V0100-60ebdbbcbb2f5a3f6ddda5c4e6a80d4dd8d2c9c2-PE.pkg		11657104	
8f71b466f5f2bfcd	JP	Mato Kurenai Yuugekitai: Tokyo Twilight Ghosthunters	1.02	3.01	http://gs.ww.np.dl.playstation.net/ppkg/np/PCSG00293/PCSG00293_T1/8f71b466f5f2bfcd/JP0036-PCSG00293_00-TOTWGHOSTHUNTERS-A0102-V0100-4198276b2f3d306e6877d092817fe05e17a7623f-PE.pkg		379762192	
eb2dfa1cdcf146df	ASIA	Sword Art Online: Lost Song (ENG) (ASIA)	1.04	3.36	http://gs.ww.np.dl.playstation.net/ppkg/np/PCSH00135/PCSH00135_T3/eb2dfa1cdcf146df/HP0700-PCSH00135_00-PRODUCTPACKAGE01-A0104-V0100-abf51d8a992f41dc1a3da8024b74ba8d614e29e7-PE.pkg		422062992	
3c06f7f61ead5932	ASIA	MOBILE SUIT GUNDAM EXTREME VS-FORCE (ENG) (ASIA)	1.04	3.55	http://gs.ww.np.dl.playstation.net/ppkg/np/PCSH00195/PCSH00195_T3/3c06f7f61ead5932/HP0700-PCSH00195_00-VSTA000000000000-A0104-V0100-74730953f00cd543e357f28adea316649fcf4704-PE.pkg		474764112	
f2a71af035fdb37b	US	Tearaway	1.02	3	http://gs.ww.np.dl.playstation.net/ppkg/np/PCSA00099/PCSA00099_T1/f2a71af035fdb37b/UP9000-PCSA00099_00-TEARAWAY00000000-A0102-V0100-c5f301287e2c62578325c57a80284b357b3bba5a-PE.pkg		11786768	
c402a7c25dd5afd8	ASIA	Iconoclasts (KR)	1.01	3.69	http://gs.ww.np.dl.playstation.net/ppkg/np/PCSH10132/PCSH10132_T0/c402a7c25dd5afd8/HP5036-PCSH10132_00-ICONOCLASTS00000-A0101-V0100-7de962e9193afafd3fba505f38d66cbf57c7e954-PE.pkg		213124208	
PCSH10053	ASIA	BURIED STARS	1.01	3.69	http://gs.ww.np.dl.playstation.net/ppkg/np/PCSH10053/PCSH10053_T0/f40a4bb1a429dbb4/HP1422-PCSH10053_00-0000000000000000-A0101-V0100-628c92426c4eee1f5b0c3c1f970a5d7910214cd0-PE.pkg		750131920	
42c88c742be6baf4	EU	Spirit Hunter: NG	1.01	3.69	http://gs.ww.np.dl.playstation.net/ppkg/np/PCSB01371/PCSB01371_T1/42c88c742be6baf4/EP1024-PCSB01371_00-SPIRITHUNTERNGEU-A0101-V0100-0413187409e5770cc569be648bff7a7a01861336-PE.pkg		8165552	
42b9dfed3db53dfe	ASIA	상자!	1.01	2	http://gs.ww.np.dl.playstation.net/ppkg/np/PCSD00053/PCSD00053_T1/42b9dfed3db53dfe/HP9000-PCSD00053_00-000000D121213V01-A0101-V0101-ce6df7673328384d13437743b306ea54622803ee-PE.pkg		85489104	
PCSH10289	ASIA	Death Tales	1.01	3.69	http://gs.ww.np.dl.playstation.net/ppkg/np/PCSH10289/PCSH10289_T0/791a12e9ac351e56/HP2005-PCSH10289_00-DEATHTALES000100-A0101-V0100-2e8ca5d6e58aae3c5d5e5c79b5768126d61219f8-PE.pkg		149340928	
PCSH10263	ASIA	SkullPirates	1.01	3.69	http://gs.ww.np.dl.playstation.net/ppkg/np/PCSH10263/PCSH10263_T0/48fe227e034f1bc0/HP2005-PCSH10263_00-SKULLPIRATES0100-A0101-V0100-2135959bfba452852af355983b2b86af7b31d1a3-PE.pkg		87862336	
PCSB01285	EU	Darkest Dungeon: Collector's Edition Update 1.01	1.01	3.69	http://gs.ww.np.dl.playstation.net/ppkg/np/PCSB01285/PCSB01285_T0/df776476ec31711b/EP2483-PCSB01285_00-G000000000001197-A0101-V0100-c9d109f668f8321e1ef0f95f9e55198dac0b9b1a-PE.pkg		1166133568	
PCSB01371	EU	Spirit Hunter: NG Update 1.01	1.01	3.69	http://gs.ww.np.dl.playstation.net/ppkg/np/PCSB01371/PCSB01371_T1/42c88c742be6baf4/EP1024-PCSB01371_00-SPIRITHUNTERNGEU-A0101-V0100-0413187409e5770cc569be648bff7a7a01861336-PE.pkg		8165552	
PCSB01467	EU	ScourgeBringer Update 1.60	1.6	3.69	http://gs.ww.np.dl.playstation.net/ppkg/np/PCSB01467/PCSB01467_T0/eae0c8ce495bea25/EP1302-PCSB01467_00-THELASTVITAGAME0-A0160-V0100-766bc4abd392c5a4ea9c13e724e1aa9fbe7176f1-PE.pkg		20207328	
PCSE01320	US	The Lost Child Update 1.01	1.01	3.69	http://gs.ww.np.dl.playstation.net/ppkg/np/PCSE01320/PCSE01320_T0/9acd19993c49a68f/UP1063-PCSE01320_00-THELOSTCHILD0000-A0101-V0100-c7ebf0a2481f4de9d85a61d8bfb38cbdad8c6efc-PE.pkg		1252285904	
PCSE01497	US	Astro Aqua Kitty Update 1.01	1.01	3.69	http://gs.ww.np.dl.playstation.net/ppkg/np/PCSE01497/PCSE01497_T0/5aaf15484508a340/UP4501-PCSE01497_00-ASTROCATSVT000US-A0101-V0100-046375b9eb5f6d74dbd0d21f8f2accdaf97e5a37-PE.pkg		220039376	
PCSG01129	JP	Super Robot Taisen X (Premium Anime & Sound Edition) Update 1.05	1.05	3.67	http://gs.ww.np.dl.playstation.net/ppkg/np/PCSG01129/PCSG01129_T5/72ac4b0823179fa7/JP0700-PCSG01129_00-EST002VTSRWJPPE0-A0105-V0101-efc921c051a8c1003eefbca41936a8ce8eb034e0-PE.pkg		173460272	
PCSH00243	ASIA	SD Gundam G Generation Genesis Update 1.06	1.06	3.65	http://gs.ww.np.dl.playstation.net/ppkg/np/PCSH00243/PCSH00243_T8/c41b7e72917ab6a8/HP0700-PCSH00243_00-GGGENESISPSVKR00-A0106-V0100-cef6a7be56729e8594d8039a89c34e5a35058a45-PE.pkg		1719321280	
PCSH10255	ASIA	Ganbare! Super Strikers Update 1.01	1.01	3.69	http://gs.ww.np.dl.playstation.net/ppkg/np/PCSH10255/PCSH10255_T0/b8bf5c4088d68c61/HP2005-PCSH10255_00-GANBARESUPERSTRI-A0101-V0100-457f12c38a9ead596707edd0173af355dfd1a894-PE.pkg		29161744	
PCSH10307	ASIA	Pushy and Pully in Blockland Update 1.02	1.02	3.69	http://gs.ww.np.dl.playstation.net/ppkg/np/PCSH10307/PCSH10307_T1/511e2e83d3f6ae28/HP2005-PCSH10307_00-PUSHPULLYBLOICK0-A0102-V0100-12142cf6ba8028ebbd877ad1026d47afcaa2f4a9-PE.pkg		105671472	
PCSH10273	ASIA	Astro Aqua Kitty Update 1.02	1.02	3.69	http://gs.ww.np.dl.playstation.net/ppkg/np/PCSH10273/PCSH10273_T1/c15ac3a3d511d9f4/HP2005-PCSH10273_00-ASTROCATS0000000-A0102-V0100-7f646a799b277cc94df78b21072cfd4c909c5837-PE.pkg		217564048	
PCSH10306	ASIA	Synergia Update 1.01	1.01	3.69	http://gs.ww.np.dl.playstation.net/ppkg/np/PCSH10306/PCSH10306_T0/68fe0aa303e6f605/HP2005-PCSH10306_00-SYNERGIA00000000-A0101-V0100-ceb577271c2298e9df0a2a2b360e5fdb170b4bfb-PE.pkg		260478624	
PCSH10308	ASIA	ScourgeBringer Update 1.60	1.6	3.69	http://gs.ww.np.dl.playstation.net/ppkg/np/PCSH10308/PCSH10308_T0/8fe5feb5198aa76f/HP2005-PCSH10308_00-SCOURGEBRINGER00-A0160-V0100-543fd24de514aa2aa15669f85811675813c3dc86-PE.pkg		20207328	
PCSH10315	ASIA	Horizon Chase Turbo Update 1.01	1.01	3.69	http://gs.ww.np.dl.playstation.net/ppkg/np/PCSH10315/PCSH10315_T0/1444e9a222f07627/HP2005-PCSH10315_00-HORIZONCHASETURB-A0101-V0100-168d8a5ff5b8abdd3885898a0f5e917361eb3f92-PE.pkg		219361824	
b0bcc2d6cfd67f96	JP	NORN9 VAR COMMONS	1.01	3.3	http://gs.ww.np.dl.playstation.net/ppkg/np/PCSG00431/PCSG00431_T0/b0bcc2d6cfd67f96/JP0031-PCSG00431_00-IFNORNVARCOMMONS-A0101-V0100-1a6064127a9a5a23f62edf82acf98372dd5e72d5-PE.pkg		43916544	
6ed11ab9e02ec38d	JP	PsychicEmotion6	1.02	3.61	http://gs.ww.np.dl.playstation.net/ppkg/np/PCSG00815/PCSG00815_T1/6ed11ab9e02ec38d/JP0031-PCSG00815_00-PSYCHICEMOTION06-A0102-V0100-85d06b0aec09ba59747775677ee1bd94d46ea0c2-PE.pkg		8422384	
0c0bcf80cc0e0a75	JP	Wand of Fortune R2 FD: Kimi ni Sasageru Epilogue	1.01	3.68	http://gs.ww.np.dl.playstation.net/ppkg/np/PCSG01208/PCSG01208_T0/0c0bcf80cc0e0a75/JP0031-PCSG01208_00-WANDOFFORTUNE2FD-A0101-V0100-6ea4cea300c739f568b7cf499dfaf86831aeafc9-PE.pkg		4173232	
92ed9e2794672d11	JP	Kami Jigen Idol Neptune PP	1.01	2.11	http://gs.ww.np.dl.playstation.net/ppkg/np/PCSG00181/PCSG00181_T0/92ed9e2794672d11/JP0031-PCSG00181_00-KAMIJIGENIDOLNEP-A0101-V0100-d19aad7ac4bd0f825fd666c9b465bfa5bf8b39ad-PE.pkg		71198992	
69bfc980a528e394	JP	NextRev: Sharoushi Shiken	1.01	2.01	http://gs.ww.np.dl.playstation.net/ppkg/np/PCSG00158/PCSG00158_T1/69bfc980a528e394/JP0007-PCSG00158_00-M5NR015SHAROMAIN-A0101-V0101-ebea820dfd754dd37506016945becb794c4d70c1-PE.pkg		1572224	
368d706ee2860406	JP	Gakuen Heaven 2: Double Scramble	1.01	3.36	http://gs.ww.np.dl.playstation.net/ppkg/np/PCSG00585/PCSG00585_T0/368d706ee2860406/JP0548-PCSG00585_00-0000000000000000-A0101-V0100-2186c5cae64c8bc7425ebe5e1447f8bf89c0443a-PE.pkg		10290224	
9662ceb439248370	JP	San Goku Shi 12	1.31	2.1	http://gs.ww.np.dl.playstation.net/ppkg/np/PCSG00154/PCSG00154_T37/9662ceb439248370/JP0106-PCSG00154_00-SANGOKUSHI12VITA-A0131-V0100-0ca44eca23306beb057130dde064fd83b2f9cf6a-PE.pkg		341816816	
2df50faa3ba42904	ASIA	MOBILE SUIT GUNDAM EXTREME VS-FORCE (AS)	1.04	3.52	http://gs.ww.np.dl.playstation.net/ppkg/np/PCSH00196/PCSH00196_T3/2df50faa3ba42904/HP0700-PCSH00196_00-VSTA000000000000-A0104-V0100-a5a04c608168b7b7f2a3f047d3e3aa2734a9b484-PE.pkg		482794080	
b013e87c1288c5de	EU	Invizimals: (PCSF00448)	1.02	3	http://gs.ww.np.dl.playstation.net/ppkg/np/PCSF00448/PCSF00448_T0/b013e87c1288c5de/EP9000-PCSF00448_00-INVIZIMALS4GREEK-A0102-V0100-374e2ab3bf7ea8d4df2ac8be6b537f02d41d1204-PE.pkg		33146608	
abceb8cba71337e1	JP	SKY PerfecTV! On demand	1.01	3	http://gs.ww.np.dl.playstation.net/ppkg/np/PCSC80024/PCSC80024_T0/abceb8cba71337e1/JA0003-PCSC80024_00-SPTV000000000000-A0101-V0100-d87f4963577ed801fb44f862d1bf7e6f9579326e-PE.pkg		19740784	
898077325aa6ef01	JP	Super Robot Taisen V (Premium Anime Song & Sound Edition)	1.03	3.65	http://gs.ww.np.dl.playstation.net/ppkg/np/PCSG00974/PCSG00974_T2/898077325aa6ef01/JP0700-PCSG00974_00-EST001VTSRWJPSE0-A0103-V0100-81a374f0a6fb553cc9472b2f4bfab9c936335744-PE.pkg		18379056	