Title ID	Region	Name	PKG direct link	Content ID	Last Modification Date	Original Name	File Size	SHA256
NPEF00011	EU	Tomb Raider 	http://zeus.dl.playstation.net/cdn/EP0776/NPEF00011_00/1g6SVH9rMGEeaorLRD4uqMiw3Fh0nMHlVDCVLoE027JaFsHRFDV8HMRFKrUVnpuQ.pkg	EP0776-NPEF00011_00-GTOMBRAIEN000001			218860192	89cd06699c0c8be129ce453d1ecc39ad4c7d6510435daebeecf105cd2f8effa2
NPEF00012	EU	Tomb Raider 2 	http://zeus.dl.playstation.net/cdn/EP0776/NPEF00012_00/YcXiQacuXKSdGRfoDczsIWdVhCtSGLnvYrNvbTfignDBdZyFFluOpHsNXMwBOGqE.pkg	EP0776-NPEF00012_00-GTOMBRAIDEXXXENG			202710752	51b561e30b914df441788dc205a0f65c2f031a7a9014464876641c7643af896d
NPEF00015	EU	Theme Hospital (German) 	http://zeus.dl.playstation.net/cdn/EP0006/NPEF00015_00/sXrWooDSXuNSEChxwYLD4NQAwtRqwpug6kdYmdDwfDBtljb6OxyR5m7Gto8gwjvtNlLtFefUriwrHObrPrmMx0U6eK78L8viAVn9c.pkg	EP0006-NPEF00015_00-GTHEMEHOSG000001		Theme Hospital (German) 	126566640	13d8370ae843eeb74d401bb59d8a24d11909972c5996ece11849902e9be6498f
NPEF00021	EU	Driver (German) 	http://zeus.dl.playstation.net/cdn/EP0001/NPEF00021_00/vCWPGF49t6dQsdpbsnOYtEWjvROecycrC1R0kWNPYgOcoNt3ipGbMIGjtbT7NB4Nd9PIoPkQh9Pc08AWRYr8YPtil4i14Jiqvgaxh.pkg	EP0001-NPEF00021_00-GDRIVERGER000001		Driver (German) 	457321040	cdd37b81b240b8bf16867deef8007bec58ac89236112fab0856975d9e2d11b4d
NPEF00023	EU	Rayman (French) 	http://zeus.dl.playstation.net/cdn/EP0001/NPEF00023_00/hyaJQdlE9e762kspAtnNGIEt3UAS0curmMuPh2bd4IgEDwyKNUt4hbV0pPqEXDPy0fPhA4wiSEY7ThGSMt9LmsecbA52I93Y6Kg9G.pkg	EP0001-NPEF00023_00-GRAYMANFRE000001		Rayman (French) 	158098416	6a63ad0d9822f9ab4f2fe131555f37e1db4b3838a726889405eed3f1e0e516f6
NPEF00023	EU	Rayman (German) 	http://zeus.dl.playstation.net/cdn/EP0001/NPEF00023_00/EjyKjou2tFeOLmfvVURs06S0pwmQvBCDs3u1LGlHhYWqgRfegXhqvtJe9CVbLRjdUC2cRNEvokbQ9v9RlkVDdLej5Osq4YYyTRoRS.pkg	EP0001-NPEF00023_00-GRAYMANGER000001		Rayman (German) 	158099328	29fb6ed915c29ec16a108acea0a18581a593d3ccba19b16e859d460e7449b0ca
NPEF00027	EU	Street Skater (German) 	http://zeus.dl.playstation.net/cdn/EP0006/NPEF00027_00/HyiiJXhmNQEXyqHqUfu4L66weLaaixRCInBmMotpOVv37kf3U8GifOPb4O633XQmIOxODpsrQhd7fX4yWxpEo1IlCh8b758kV4SMs.pkg	EP0006-NPEF00027_00-GSTREETSKG000001		Street Skater (German) 	88519808	5d480a0843981afd830354c33ccca1fea8a8d0dae5913088fb4be8b060b6be93
NPEF00038	EU	Silent Hill 	http://zeus.dl.playstation.net/cdn/EP0101/NPEF00038_00/8aAmd8h1mqNx6LpdAwvuGavUGjAhmwkQYUh0fruIiqRdH2VFsOsUBBSBtLXCXi5bq3L6bxiT4Y2bVAHumrPP7OhLbRGRER3GKEjQH.pkg	EP0101-NPEF00038_00-GSILENTHIE000001			310428368	278f51597c5e5b56b64ecd5849ab2b28bd09cda6b90c859e9cda5d60f9d309a2
NPEF00054	EU	Suikoden	http://zeus.dl.playstation.net/cdn/EP0101/NPEF00054_00/RwehCsZkeQeEJNoMRgsiPmkMgkvJLGTFXfLuBFgdkPWDjzdmfSKzTznFQgUwUMEj.pkg	EP0101-NPEF00054_00-GSUIKODENX000001		Suikoden	336798944	1968a93814e0b7a6654dca68888c9ace33cf694f06f0c057ad68d9d6141bde08
NPEF00062	EU	Future Cop LAPD	http://zeus.dl.playstation.net/cdn/EP0006/NPEF00062_00/5GsQueFwrlY3kKC0t1mmQrsUTuV5YLMrVU2hy9chdd0XvWep7dNAuYhgIropwcX4xKHPIvGeFrOea9JcshAeE88MJfOMIwWRREofx.pkg	EP0006-NPEF00062_00-GFUTURECOF000001		Future Cop L.A.P.D	510301200	c066ad5a0caa20918559190560ef0e4c2214f844c81c83ba461817ef80b01dc0
NPEF00069	EU	Final Fantasy VII (English)	http://zeus.dl.playstation.net/cdn/EP0082/NPEF00069_00/aALrULuaUvJreGRAh2kBwATUvVAIpbtVxnMg1R155tUtLlOTWrkrvvuNY0VsfRcWjSIQHsLbD6bqvCAkB6lpoRaorfNAo9uEcvcUO.pkg	EP0082-NPEF00069_00-GFINALFANE000001		Final Fantasy VII	1390359328	a4fa7db556cbca778f59c6a798254316f52ba3590bd23a3234c68a89161f5beb
NPEF00070	EU	Final Fantasy VIII (German only) 	http://zeus.dl.playstation.net/cdn/EP0082/NPEF00070_00/Ut5QY0eSl97PL3IQQpCyQfnml4KMCekfEOfXmcSrsG8IO4rYTs867IDTe4wStLxbXjFLsDULkoEwwRHkwmE0aiIdUSKLFN7qpwGla.pkg	EP0082-NPEF00070_00-GFINALFANT000GER			1888182160	983d00fe85dcc48a0e6c4d49ff93f43aec538b1888384cc4b64e52a764bc78b0
NPEF00071	EU	Final Fantasy IX (German) 	http://zeus.dl.playstation.net/cdn/EP0082/NPEF00071_00/QNsN1JliHKQBIHxi5Lc6gO2X8KvJmbmCMdG0Q7oU9dRUCpH4DKQPjkbwDWyeVn6jVc0ccUVS4jRl5YSLns31BAecp2XfkXlYpKikw.pkg	EP0082-NPEF00071_00-GFINALFANT000GER		Final Fantasy IX (German) 	1599481504	d4fe2ab0d45efca154ada51841b5fc808963a4ea1ebc6c0b378e59e7ee164f3e
NPEF00108	EU	Rayman 2: The Great Escape  (Multi2: FR/DE)	http://zeus.dl.playstation.net/cdn/EP0001/NPEF00108_00/4KetxIO7cG5EqfxwSK9EV6DusfiJ2vO0GiX1SGYI8C7IVrtXBUa4j9QR7TLXl4AV3rruKHai2xu3evLn2G4uLtx61xOM3qM7j380u.pkg	EP0001-NPEF00108_00-GRAYMAN2TH000GER			377369664	6fe552a4e4b2ff6fc751b896425786a1e02eecc556fbeffb25035a908633211c
NPEF00120	EU	Tomb Raider: The Last Revelation 	http://zeus.dl.playstation.net/cdn/EP0776/NPEF00120_00/RBmNpfUleFgHXnoYEVLwmwlovwjSxsFqHqLQfryrAEIezgwYfKwyAecPomiduxLt.pkg	EP0776-NPEF00120_00-GTOMBRAIDE000ENG			505507632	d1eda94aa5f81afaef15a8e32c9f8b319cfc2c560dfc14d14947b4b111d7be0b
NPHI00017	ASIA	Bealphareth	http://zeus.dl.playstation.net/cdn/HP9000/NPHI00017_00/AAGYCbuVni8aT9Tyk5jGmII052IqAoSWj1OLd3GH9HeO53qpBElALfoRhPx8ClvN8GHSHov4A7TMU6dJUuFlllIFjUxRIQNQNfVDE.pkg	HP9000-NPHI00017_00-0000000000000001		Bealphareth	402782272	
NPEF00198	EU	Resident Evil 2 (FR)	http://zeus.dl.playstation.net/cdn/EP0102/NPEF00198_00/ITNquQHnSVFAkstypgEfgCeYhovECpQjIluUDgJLemqSizPXphxdFgYbwTDcexjs.pkg	EP0102-NPEF00198_00-GRESIDENTE000FRE		Resident Evil 2 (FR)	0	
NPUI94355	US	Motor Toon Grand Prix™	http://zeus.dl.playstation.net/cdn/UP9000/NPUI94355_00/WDlQG2tX4Yhx72tlq365kGPAHjH6rmcFe442PmdQpvQmvTpjCai99KCdnh91NC13PmDpoV6xy87xjSVQTE58sdkfbWG1D3XsYRlvR.pkg	UP9000-NPUI94355_00-0000000000000001		Motor Toon Grand Prix	262797072	
NPJI00027	JP	メディーバル 甦ったガロメアの勇者®	http://zeus.dl.playstation.net/cdn/JP9000/NPJI00027_00/UYcxErw04sOoNFBumKSKnSeYeErlXRrvkntSkMUHHJdnvL5s7CIkGBHuGNHbHxU6bFsluqJQR0BdnJ1fAmbVSx2101NniaGam77Iu.pkg	JP9000-NPJI00027_00-0000000000000001		メディーバル 甦ったガロメアの勇者	358584944	
NPJI00079	JP	ポケットじまん	http://zeus.dl.playstation.net/cdn/JP9000/NPJI00079_00/QEeYerKVFvnBluVhAIgSyfBoEfcSEAiFsArOoQFnoJRvCuwYpvsTrEduQTcavQjSSZXtWQssYBxVfQsZyIfbuZtGGcAUByNqkBuvc.pkg	JP9000-NPJI00079_00-0000000000000001		ポケットじまん	106250480	
NPJJ00574	JP	新スーパーロボット大戦	http://zeus.dl.playstation.net/cdn/JP0700/NPJJ00574_00/tJLLfEAlldzNsnOXfcjdQyuHPsvQyjKlAMEhAKCvktgwtshiaMVhYZVmfpHfKBHcxdytXNJhucoCCBvHJArggZPhvvKYFkyvcTjTm.pkg	JP0700-NPJJ00574_00-0000000000000001		新スーパーロボット大戦	321640112	
NPJJ00234	JP	ぽっぷんぽっぷ	http://zeus.dl.playstation.net/cdn/JP0305/NPJJ00234_00/Jcd4SuGr3cGFFbFg5e1IRmLwa2lnRHvyfPf4MkkAYyaVVWp6AY8tT90nud6DprwgqWLGi8IGfGpQlu1Q0D7xexSQ4hsqqFjmCX4kB.pkg	JP0305-NPJJ00234_00-0000000000000001		ぽっぷんぽっぷ	268817392	
NPEF00176	EU	Blockids	http://zeus.dl.playstation.net/cdn/EP2039/NPEF00176_00/ZcOrcQEyRSqSknccKemNtgjCprcjkjEueATFcdqaFCvhwxMgXaaxqrShCEOLoMLJ.pkg	EP2039-NPEF00176_00-GBLOCKIDSX000001		Blockids	74411200	
NPJJ00218	JP	フロントミッション ザ・ファースト	http://zeus.dl.playstation.net/cdn/JP0082/NPJJ00218_00/7DcfjpqeoKNvON9LMCMo0hmjca3G2bMVcYjLBU8ofSg3ToRPYlUsvT5CRaFg47tKCah9GPRCtsV8UETwUdyiSb0cwX0Q7y8Jne6Qe.pkg	JP0082-NPJJ00218_00-0000000000000001		フロントミッション ザ・ファースト	48652896	
NPJJ00310	JP	満福!!鍋家族	http://zeus.dl.playstation.net/cdn/JP0571/NPJJ00310_00/CsuW1S9Vy9V84hIIRiJjEDFSjDS9heU8smuxKQv1GAnIGTlVEvNDbRc7TM0mjd0dCg4O5wdAqCBC89QucesqE7Xy79OpWCbhVqtvX.pkg	JP0571-NPJJ00310_00-0000000000000001		満福!!鍋家族	24469232	
NPHJ00137	ASIA	METAL GEAR SOLID®	http://zeus.dl.playstation.net/cdn/HP0101/NPHJ00137_00/lJ59lwhbEgCwkagIGhSFYWHpyrSjcFdr2alRxuYSEJ5UJYgkXNYtNesWWFinDwxCgRE0dRtgsdErhtURFCOuaAUtqseqiRjHWfHC3.pkg	HP0101-NPHJ00137_00-0000000000000001		METAL GEAR SOLID	811606960	
NPJJ00308	JP	ときめきメモリアル®２ EVSアペンドディスク	http://zeus.dl.playstation.net/cdn/JP0101/NPJJ00308_00/CI2CBppI6qEgSWUij2dqXcvIEsTmDhs8rwStpKI5Ot740PNbvWcaj6yg59RF6nkODrrPvcvwEoIMKk88K13u9BwFunTOham4tddy8.pkg	JP0101-NPJJ00308_00-0000000000000001		ときめきメモリアル ２ EVSアペンドディスク	858644704	
NPHJ00096	ASIA	BIOHAZARD® 3 LAST ESCAPE	http://zeus.dl.playstation.net/cdn/HP0102/NPHJ00096_00/6ch9fdFPGup6xJBbrKyQ9htwYISGjfV8qFr1I2o9XK6vr9wy7D9Hf7Q0uEqgLqW3FlvFBnN4afI6AqSpyoR8Frvsiu0P4nx4vjQoA.pkg	HP0102-NPHJ00096_00-0000000000000001		BIOHAZARD 3 LAST ESCAPE	399220320	
NPHJ00116	ASIA	VAGRANT STORY	http://zeus.dl.playstation.net/cdn/HP0082/NPHJ00116_00/oLlyLnu9nCx7KkqCYChGb36qE1qxQTDQKmg05QB3lbMmD3sBaSepgbATgJ2DTLj4ymQNG6DBFTQ1JfVL1AcAReqoXFimaSk8kI2Ym.pkg	HP0082-NPHJ00116_00-0000000000000001		VAGRANT STORY	108390016	
NPHJ00222	ASIA	Parasaite Eve	http://zeus.dl.playstation.net/cdn/HP0082/NPHJ00222_00/lfmWnMxDxAy1T8cSvJ62aEaPivbij6RA80Cg7xhInNrAfmyPkXwQ2iHBhUNyl3HPcrIP71tHYmkE9MJJdRHM4kHxxYxCbpmUCVuFf.pkg	HP0082-NPHJ00222_00-0000000000000001		Parasaite Eve	587370064	
NPEF00137	EU	ATV Racers (German)	http://zeus.dl.playstation.net/cdn/EP4061/NPEF00137_00/UhGnAtA876i3Ci49tI3jU6bO78DL3wrt0eOqddVdJMQGrgYUcI3y8cjf374aUFn3.pkg	EP4061-NPEF00137_00-GMIRACLEQU000GER		ATV Racers (German)	42188320	
NPJI00044	JP	アランドラ®	http://zeus.dl.playstation.net/cdn/JP9000/NPJI00044_00/qpMvePisCKt4H1gLIVBxcwO7rYgNqKtxqJC8AuRFgK1XBDI2NK6HDawcbDoM8mV6RPx0kcfi0BSjibqdRLqQw634m1v1T9RKWX3V9.pkg	JP9000-NPJI00044_00-0000000000000001		アランドラ	290322288	
NPEF00177	EU	Cho Aniki	http://zeus.dl.playstation.net/cdn/EP2039/NPEF00177_00/tcdmxrGfMnMrVJlHgbCbiojxrpJyZGtLOusxwWyxwfWthNTipXkdqRjkBSKWtKue.pkg	EP2039-NPEF00177_00-GCHOANIKIX000001		Cho Aniki	271492032	
NPJJ00778	JP	光の島	http://zeus.dl.playstation.net/cdn/JP0747/NPJJ00778_00/JP0747-NPJJ00778_00-0000000000000001_bg_1_fffa7cf288a8ec37fc345c5d821087427a95f7ae.pkg	JP0747-NPJJ00778_00-0000000000000001		光の島	489561904	
NPJI00055	JP	アディのおくりもの®	http://zeus.dl.playstation.net/cdn/JP9000/NPJI00055_00/53bmyVSKGH2tlGxoslsgtP1f8OQcBqmiBwQyqCio8bnhfPHaXINS3ULr9INwftivPsHUtihdP6TxXPVAxA5fCOSMJ5cmBkyKihUSB.pkg	JP9000-NPJI00055_00-0000000000000001		アディのおくりもの	69448176	
NPJJ00767	JP	マーメノイド	http://zeus.dl.playstation.net/cdn/JP0188/NPJJ00767_00/JP0188-NPJJ00767_00-0000000000000001_bg_1_1afbce3ea921070a74a67050e6e23ef219c5b6d7.pkg	JP0188-NPJJ00767_00-0000000000000001		マーメノイド	204659376	
NPJI00008	JP	激走トマランナー®	http://zeus.dl.playstation.net/cdn/JP9000/NPJI00008_00/5CRSxs9iRgpiQG9fY1LFxMNt69Grd4RAaHgNLdM63TBsBrD8gCIsF71jBC9j1YHwcMQfTKYbKw13whJlRSWU2mvW41n4nAu6extQ1.pkg	JP9000-NPJI00008_00-0000000000000001		激走トマランナー	324434048	
NPEF00045	EU	Street Fighter Alpha Warriors' Dreams	http://zeus.dl.playstation.net/cdn/EP0102/NPEF00045_00/CXguxMyp3WXkjcSBqkTHhDLknwly383kdwV4BjGtgDfYfksGUvXl6GcW44B6NOJaqXxt88qLsOvSwcPLiwrIXJvnJy7Gq1nbHW3cg.pkg	EP0102-NPEF00045_00-GSTREETFIF000001		Street Fighter Alpha Warriors' Dreams	70000704	
NPJI00017	JP	PHILOSOMA フィロソマ®	http://zeus.dl.playstation.net/cdn/JP9000/NPJI00017_00/o6ECKbylugEBQYa5nXbeCunfOJASGTCqs93snyYbxdi9ioUMkoIoFBDYpyONig0sUC3LOveOolIR9uaBPw5O8Q36cuCkgxr2dHi7J.pkg	JP9000-NPJI00017_00-0000000000000001		PHILOSOMA フィロソマ	374411072	
NPJI00071	JP	NIGHTMARE CREATURES(PS3®用)	http://zeus.dl.playstation.net/cdn/JP9000/NPJI00071_00/OFFliuDviYcvwUNXrGDUkkWXWnxnZXBqXeGpfqzlokJQLwcLcALyboSHYCRQPsmrbyLyOBvxWPyIbkPOVjbfcEZsfJeXGZogfAGaG.pkg	JP9000-NPJI00071_00-0000000000000001		NIGHTMARE CREATURES	218199104	
NPJJ00308	JP	Tokimeki Memorial 2 EVS Append Disc	MISSING	JP0101-NPJJ00308_00-0000000000000001		ときめきメモリアル２ EVSアペンドディスク	0	
NPEF00137	EU	ATV Racers	http://zeus.dl.playstation.net/cdn/EP4061/NPEF00137_00/3k20m7Y6b7ov2uo50OGyXiCYrOTIbpQN9XFA0WERsFxHFE8ikDL1DScqY2LJB1Ic.pkg	EP4061-NPEF00137_00-GMIRACLEQU000ENG		ATV Racers	42244224	
NPEF00172	EU	Sonic Wings Special	http://zeus.dl.playstation.net/cdn/EP2039/NPEF00172_00/NlOvDYWNVHIWlwxxhoVUNCBjEWwlalOmRjaQckhbTYFdjNFYmGJpPDbqyrabwSMl.pkg	EP2039-NPEF00172_00-GARCADEHIT000001		Sonic Wings Special	105632416	
NPJJ00762	JP	EXECTOR ™	http://zeus.dl.playstation.net/cdn/JP0036/NPJJ00762_00/ujrpzIFnLNHiFLkYcNuWtKcHKClWYiMzmuBJzEfzzYydivvIBRNLhdbeClydSReOJSAoMuiIZgltgfPjTRQiBbOkwUWdFddIBAisZ.pkg	JP0036-NPJJ00762_00-0000000000000001		EXECTOR	81525056	
NPJJ00760	JP	おみせde店主	http://zeus.dl.playstation.net/cdn/JP0177/NPJJ00760_00/dhivxqlteyaYKIqABPPaLeFTNLenYpWTrFgHilvSgKhcIBlMvYEmEsOyXyhTvVbZhrSmOmBQxwiUmZAqTMyUBtlFLtdWWTzSOVifJ.pkg	JP0177-NPJJ00760_00-0000000000000001		おみせde店主	658841872	
NPJJ00187	JP	ARKANOID® RETURNS	http://zeus.dl.playstation.net/cdn/JP0305/NPJJ00187_00/3ETlmvA7nNyVwPSjmDdCWgrMncTQ0OHnSpVgEc0AH2wlci97Jlx5DJEJ9VwmYm1rw1eddQ1yR02IARXXxaU3sKBWT3Vo4cPsNm47h.pkg	JP0305-NPJJ00187_00-0000000000000001		ARKANOID RETURNS	127553024	
NPJJ00571	JP	ディオラムス	http://zeus.dl.playstation.net/cdn/JP0571/NPJJ00571_00/YLwOVwGhmPdKSpNhHXqLejsFEphHHAXwslNYWhZxECbpjqVHBntwykYqBMRcvBNgFLqWdMPsPIVzddyJtqMHmaXSWPehkVHuYmmhH.pkg	JP0571-NPJJ00571_00-0000000000000001		ディオラムス	315709360	
NPJJ00506	JP	五竜陣 エレクトロ	http://zeus.dl.playstation.net/cdn/JP0571/NPJJ00506_00/eUOVMkBiRnHRxywQRufhTNOfNAemIhourquwCGEBKehgAYFrSCdZJkotJUxfPiISgGdHXuzLrgKyeaqoJXeTNHDVGPCnaVIaWKjQs.pkg	JP0571-NPJJ00506_00-0000000000000001		五竜陣 エレクトロ	140453104	
NPEF00171	EU	Shienryu	http://zeus.dl.playstation.net/cdn/EP2039/NPEF00171_00/RyIHslkNqgmLJRcKbzfbxoSqDwBCJWieXQAmaEdYzChybLQlXDZcFibRHqQjvySh.pkg	EP2039-NPEF00171_00-GARCADEHIT000001		Shienryu	458660080	
NPJJ00336	JP	パペット ズー ピロミィ	http://zeus.dl.playstation.net/cdn/JP0571/NPJJ00336_00/iNsoK2lwmEWJX50WeNsDl72WQ8YH1GisiMWIeHsgks2TrxOgreyESUwmpiSQiQmW2wVOPWw8FPs1EukRwmVhBoAaNLflamxXyYw2x.pkg	JP0571-NPJJ00336_00-0000000000000001		パペット ズー ピロミィ	266670880	
NPEF00163	EU	RESIDENT EVIL DIRECTOR'S CUT	http://zeus.dl.playstation.net/cdn/EP0102/NPEF00163_00/zkbSzgctCnmpPUfqEsvovbqtDxxtPDychfJKryrCxpaeKwqJSwKzfAxnuTcPPfrs.pkg	EP0102-NPEF00163_00-GRESIDENTE000FRE		RESIDENT EVIL DIRECTOR'S CUT	336098608	
NPEF00199	EU	Resident Evil 3 Nemesis	http://zeus.dl.playstation.net/cdn/EP0102/NPEF00199_00/zGrmzYqrvRigqxFmdrlKGqVJdGNpFXwecvisvYViPjWGWbbQxcKbUDkebuLbAYHd.pkg	EP0102-NPEF00199_00-GRESIDENTE000FRE		Resident Evil 3 Nemesis	378829808	
NPEF00115	EU	Legacy of Kain: Soul Reaver	http://zeus.dl.playstation.net/cdn/EP0776/NPEF00115_00/VQSGxpKoAttiWIuhanKwoQZeBicryUokUrhRaVbuqyxvLBKzwVRcdcLYNMeAJowp.pkg	EP0776-NPEF00115_00-GLEGACYOFKONLYFR		Legacy of Kain: Soul Reaver	390984448	
NPHI00010	ASIA	XI Trial Version	http://zeus.dl.playstation.net/cdn/HP9000/NPHI00010_00/nwWG8rwlUNXwnUWoGo7Hi0WsSGsP2at5KDYP9wxlLVQn3bb4u5Bw7hYdaxu3iB7wy7AodUBwdOUAaWBpdhCUM2ebWAdxWUSlvWDBf.pkg	HP9000-NPHI00010_00-0000000000000001		XI[sai] Trial Version	110398928	
NPHI00021	ASIA	My Hot Cooking	http://zeus.dl.playstation.net/cdn/HP9000/NPHI00021_00/PLCNHBaEqt7BSubRJA2nTIaAR9C1GJR8IHdpQqGS4TTe5aHnGvl25UMtPHmhJhxwK6nC1OwNa3ixjDUQ1YUf5olk7p59v4a6SsPjq.pkg	HP9000-NPHI00021_00-0000000000000001		My Hot Cooking	336811984	
NPEF00084	EU	Disney Lilo & Stitch Sarilhos no Paraiso	http://zeus.dl.playstation.net/cdn/EP1006/NPEF00084_00/IsMs4EPJk5wkgj1THW8o8vStJ5i617VYR71R1a7RrC6QfRNYJnKXkFCh74eCeYqJd5mSXdxS2FcPNbix5K6smQhUDXxO8le0GccD9.pkg	EP1006-NPEF00084_00-GLILOSTITC000POR		Disney Lilo & Stitch Sarilhos no Paraiso	239744384	
NPJJ00225	JP	ブシドーブレード	http://zeus.dl.playstation.net/cdn/JP0082/NPJJ00225_00/sP1Dk1CoXuJs7NwUWKUvHqH8HDxbvwgM6hFxaqHhxQYW8uAJwf1aME9N1VntlGpEy7f8jd7OgLr6TTXJNevU8XuhHsvHtRGynK0gb.pkg	JP0082-NPJJ00225_00-0000000000000001		ブシドーブレード	295242864	
NPJJ00005	JP	ビシバシスペシャル	http://zeus.dl.playstation.net/cdn/JP0101/NPJJ00005_00/qDe11dU5Lt12vbHLtFWxRF7kMXwecsSXBYlNolDUkNBr3MnoNlQOFPJe0fyO5L9fa6yM0eFln9DGqaFoEeSWAU4Yyrlvs0axXW7Xt.pkg	JP0101-NPJJ00005_00-0000000000000001		ビシバシスペシャル	158064432	
NPJJ00009	JP	DINO CRISIS®	http://zeus.dl.playstation.net/cdn/JP0102/NPJJ00009_00/fSBgCBTc3Nr63MfjfXlD1cR2m9m2jOFcyVQhyOurmpntIT3kL3Piero1raUnT5TDJeMyMYUaxFR2qdjB2hBiGUltPbAfTVRXcKbrQ.pkg	JP0102-NPJJ00009_00-0000000000000001		DINO CRISIS	266379520	
NPJJ00538	JP	DINO CRISIS® 2	http://zeus.dl.playstation.net/cdn/JP0102/NPJJ00538_00/TOviqCzedWiOcesxVmVqCVpGxNlZbKDAtbbSjxIiYUIiOhEwVFXAOyGjxUSvYGgfqiRWCSjRAViiDzkFLoTyHKbrOezMKvNLlNiXG.pkg	JP0102-NPJJ00538_00-0000000000000001		DINO CRISIS 2	339963760	
NPJJ00165	JP	Acid	http://zeus.dl.playstation.net/cdn/JP0571/NPJJ00165_00/IvTohxnYxihLDteMDUMxg6hMGyQmSlNwuiqCnpQ8iOM8RxKucAGckvIXkstfsMR1UV2dfMlSfiK80Vi01JxCARhCpqFa8WOYjfaPV.pkg	JP0571-NPJJ00165_00-0000000000000001		Acid	297937872	
NPJI00035	JP	ワイプアウト®	http://zeus.dl.playstation.net/cdn/JP9000/NPJI00035_00/3ldT83dtUgWLUyELkYq37umCQodWuOCKSkhkN6wY3ImR56Ki6ipg45oPIXAw6xJ7t2wXFm2fV6Eeh8T4Rr5kOxFwvtXpXc3t0WxYT.pkg	JP9000-NPJI00035_00-0000000000000001		ワイプアウト	101996336	
NPJJ00745	JP	ダムダムストンプランド	http://zeus.dl.playstation.net/cdn/JP1091/NPJJ00745_00/JP1091-NPJJ00745_00-0000000000000001_bg_1_0a62873124b9e72c251f7f7666e05d82120f2043.pkg	JP1091-NPJJ00745_00-0000000000000001		ダムダムストンプランド	101452656	
NPJJ00012	JP	R-TYPES	http://zeus.dl.playstation.net/cdn/JP0024/NPJJ00012_00/HYtv1t5UWCddyqsoHKyPKuQnTUFx2MK7D8L8mD6ap7rlHJHSMVCO2fxPEl4VI9VIK5QiMlpjnwA3nMa10QrX8VOigFoP6pRPgCydt.pkg	JP0024-NPJJ00012_00-0000000000000001		R-TYPES	292747280	
NPJJ00623	JP	ガイアマスター® 神々のボードゲーム	http://zeus.dl.playstation.net/cdn/JP0102/NPJJ00623_00/seciKMTDNwAVoEUWsOkhouQKYOQeToZCMTQesRBPGFVLYQuqCBwBZvTGJeXerMxazOqiECkEJSPpTleYwfWaJavHPpRItlivRqvot.pkg	JP0102-NPJJ00623_00-0000000000000001		ガイアマスター 神々のボードゲーム	96361328	
NPJI00057	JP	どっちもメチャメチャドッチメチャ®	http://zeus.dl.playstation.net/cdn/JP9000/NPJI00057_00/PFQQKshKXLibB7QkTFKBGQCiixOYIuWF7gV1YF68BVeR6Kq3IQK6eCal2vLBb0TnWnuRDpjR8wFIaFlTWdpFOXDF8OttDkb0Gi342.pkg	JP9000-NPJI00057_00-0000000000000001		どっちもメチャメチャドッチメチャ	255794656	
NPJI00081	JP	ポケットムームー	http://zeus.dl.playstation.net/cdn/JP9000/NPJI00081_00/sbAOGsBJUYaYozfpVpTHRIsOLxdSYvnAcfUbydGbjUsaFvtDJwBHOmZPrRfTvgVJtQvaBOsGhkOFrZFLWajHvTSyKxaUTjwfWIdaf.pkg	JP9000-NPJI00081_00-0000000000000001		ポケットムームー	82663616	
NPJJ00674	JP	サイバースレッド	http://zeus.dl.playstation.net/cdn/JP0700/NPJJ00674_00/RsRQfaYqNFrnPpZidvTJIXzaJXHXmiJfICAliQxMvZkTpKgfqSIEQJGcNlknLcrSgNNlJkyTTmaexneeOuaJMzjyzyqjXRsAVaDwI.pkg	JP0700-NPJJ00674_00-0000000000000001		サイバースレッド	108937792	
NPJI00072	JP	AirAssault（原題：WARHAWK）	http://zeus.dl.playstation.net/cdn/JP9000/NPJI00072_00/raLnEvrQcJpfFyOdCmUqpEhETYOoJCziNFifVyBKnhHIkFRUISZKGZajcfedqpycOQLkEYavEnFGVAVHVsVtnEFCgEFZDbjvhRvUM.pkg	JP9000-NPJI00072_00-0000000000000001		AirAssault（原題：WARHAWK）	253562976	
NPJI00020	JP	ジェットモト®	http://zeus.dl.playstation.net/cdn/JP9000/NPJI00020_00/oOFbLtrEDPx7aP5hEoVj81IUS7BnH09jWono9sG9e3ch7Xkf60FDCumaQKROJEXGyG2V9NS6quqm8S2k6WcgwtabXsu7WBCMfkdhj.pkg	JP9000-NPJI00020_00-0000000000000001		ジェットモト	79040816	
NPJJ00030	JP	ふしぎ刑事®	http://zeus.dl.playstation.net/cdn/JP0102/NPJJ00030_00/Efn7Ynk76sIfrro4iTyLKGeIS2berml1T25uRl08hogxRlIsdCo595c09on8vwYh6FB8DoM5wPdydjHEHvX4Ildcqh796FPGWRd76.pkg	JP0102-NPJJ00030_00-0000000000000001		ふしぎ刑事	35446576	
NPJI00082	JP	ビブリボン®	http://zeus.dl.playstation.net/cdn/JP9000/NPJI00082_00/XpQoQrVnvliCPXeAiJOjtDsBmYdIgKNpzgOlHOlnRTcqhbBoUXsxldsowjSpzJCsUVGGaWASZxjzToxoUJpncyeQJgniFihmpHAAV.pkg	JP9000-NPJI00082_00-0000000000000001		ビブリボン	26415136	
NPJJ00061	JP	メタルスラッグ	http://zeus.dl.playstation.net/cdn/JP0576/NPJJ00061_00/mosYy2rOUaVYQ3j5XtmCBh6ghnQJVGMllt0qqi2JoCeV2XKH4NBMgKLK5jruT2BwIFhY9jMdAuJxeCFaTB3mR8fCrKxFepPEhVXen.pkg	JP0576-NPJJ00061_00-0000000000000001		メタルスラッグ	204402416	
NPJJ00749	JP	闘神伝3	http://zeus.dl.playstation.net/cdn/JP0363/NPJJ00749_00/NxUHLCqaromdmkSwZgrodUspoyPizGeQrIearyNBVLFBXUkLzaYnugaNauKrBNjujHoJcfUeBUiOnoOXlasDAGpXmUHJlheyQdMrk.pkg	JP0363-NPJJ00749_00-0000000000000001		闘神伝3	425528416	
NPJJ00747	JP	闘神伝	http://zeus.dl.playstation.net/cdn/JP0363/NPJJ00747_00/KdPPvvmdquUbiwHSXPDRXJhXBKglPTpNkRcqQsGjaCwVfIIdpiiRgtFmzXvVcZMHyrNAeFiipYfewhZcUpptMCyJEDNPjBYBEEdlj.pkg	JP0363-NPJJ00747_00-0000000000000001		闘神伝	58939136	
NPJJ00540	JP	ポケットファイター®	http://zeus.dl.playstation.net/cdn/JP0102/NPJJ00540_00/AxMSBgxhsuCkmKbruEceaddPVyPpFqYltLkZbsvKxpfPqLgUuHhqATBfPLDjGshPYgQjHHjxaFmSwHJxLsiZFJnToEGACwOGFfKGI.pkg	JP0102-NPJJ00540_00-0000000000000001		ポケットファイター	231448304	
NPJJ00748	JP	闘神伝2 plus	http://zeus.dl.playstation.net/cdn/JP0363/NPJJ00748_00/DJvgQZXCeauQLyAiWcfWOnoqrSBnGUgyiNSweODQQYtPPniPyfgagtEIOhFCXrGywzfdPDhYcTWEMgZFFHzDRHIbehaeDDABCfOhB.pkg	JP0363-NPJJ00748_00-0000000000000001		闘神伝2 plus	140496208	
NPJJ00171	JP	FIGHTERS' IMPACT	http://zeus.dl.playstation.net/cdn/JP0305/NPJJ00171_00/ACG6JcVPanmklp8CW6y58DkMn58PImqN6dt98NOJ2nCtikfnagn3FTGfYBTjAG12phqBKrwps6pJDfWmfyhdsKSpNYjG27Td1dR88.pkg	JP0305-NPJJ00171_00-0000000000000001		FIGHTERS' IMPACT	237385632	
NPJJ00584	JP	鉄拳 TEKKEN®	http://zeus.dl.playstation.net/cdn/JP0700/NPJJ00584_00/qaSLtxSWhsFDxMiuGbCzrcDWFLpfWXaRudEAVSGtEPQBzhKQAgoiRPmWVDDZrXXhSLetoEhakUaEcnTMeCZVtsYjNhIhPPevdRsdC.pkg	JP0700-NPJJ00584_00-0000000000000001		鉄拳 TEKKEN	157797264	
NPJJ00427	JP	SuperLite1500シリーズ ボンボート	http://zeus.dl.playstation.net/cdn/JP0571/NPJJ00427_00/MaUKIJhSvmwQrG7hsivHvDyB7BWDsWS1UiD45cYMQrCl2GprYaFr8YpCUtnATkYT5rMaIparNq2PLInJ8klq9BnfdDw4MIgcFnkRJ.pkg	JP0571-NPJJ00427_00-0000000000000001		SuperLite1500シリーズ ボンボート	10875792	
NPJJ00070	JP	BOXER'S ROAD	http://zeus.dl.playstation.net/cdn/JP0390/NPJJ00070_00/oNLh9O4mcrK2uvG7Rq9SGECNhjU2rQNy2JlYaUnkoLWCddOJlnJpByalhITIFyn1kuxeFVNRNcKrpjq8PuV6uxMrJhFP0FPUvgl4i.pkg	JP0390-NPJJ00070_00-0000000000000001		BOXER'S ROAD	80451216	
NPJI00014	JP	ラリークロス®	http://zeus.dl.playstation.net/cdn/JP9000/NPJI00014_00/HDP6PwSkUa3qIeGm97wUu6KuJtTa3iY2DhE6KwXVKWsDBHxJRsxxkGqIfyeanLFjFmgcw6vGnVX4rklcDBnVmnMklXtc62nG2YpWs.pkg	JP9000-NPJI00014_00-0000000000000001		ラリークロス	112435296	
NPJJ00684	JP	ABE'99	http://zeus.dl.playstation.net/cdn/JP0105/NPJJ00684_00/SCHKlGDERMJZVvdHXawbLeccwCJOgBudzlFGhGoYRoIWEznVnFEpJMcVYYVtTwwPOXgcNpxyzRxRiIaCTqcQoQKeMjkZSbZiSRSGG.pkg	JP0105-NPJJ00684_00-0000000000000001		ABE'99	775166256	
NPJJ00682	JP	Abe a GO GO	http://zeus.dl.playstation.net/cdn/JP0105/NPJJ00682_00/yhlczvgtqZVojIGErUkiyzLBUzLtiPXzudBLiNIZXxNsIUSCZTgmqkIpLmsoswJyELnWYECdqZGIEMTqrFIUybgBYOjjtyOTUWUBH.pkg	JP0105-NPJJ00682_00-0000000000000001		Abe a GO GO	515455120	
NPJJ00713	JP	進め！海賊	http://zeus.dl.playstation.net/cdn/JP0011/NPJJ00713_00/hlvidcNPRcRPdZjzfYedsMkHWtvorWbPGEECUxkABZDugDJlTboXsuFkCbhrrRImFXkDbQQnKbDhzgXyknwejmmpQuPucUtXHcpVH.pkg	JP0011-NPJJ00713_00-0000000000000001		進め！海賊	141077264	
NPJJ00291	JP	Epica Stella	http://zeus.dl.playstation.net/cdn/JP0571/NPJJ00291_00/cbcn0RJTx8omsmrrr93Q17N2FDn9KDITPQssBPm73RLNLidmObyActh0qXa4rQLfNQNCtAV7hP7tTIrBf6qoJd0Iy2QFanVC28uWW.pkg	JP0571-NPJJ00291_00-0000000000000001		Epica Stella	147960576	
NPJI00052	JP	アーク ザ ラッド® モンスターゲーム with カジノゲーム	http://zeus.dl.playstation.net/cdn/JP9000/NPJI00052_00/WJT87arbII1TweY9ytqS4iE7pHHl1aU9SiUfvdVkqvq354cLJ3FFM6VLriVmVRf5Xde5qQmMFPynLmmlFHYFCXeTRY6bTem8W3nRn.pkg	JP9000-NPJI00052_00-0000000000000001		アーク ザ ラッド モンスターゲーム with カジノゲーム	355586064	
NPJJ00047	JP	セプテントリオン	http://zeus.dl.playstation.net/cdn/JP0571/NPJJ00047_00/erVEhEecfehjv7edvDcW0ms7NShL4AWMVn2DQsQtC90jgvd3WKejvthxXUAlvbSae3oyGSyHbfqyKF56SLusKmNbH3LkntYbDxr00.pkg	JP0571-NPJJ00047_00-0000000000000001		セプテントリオン	109363776	
NPJJ00546	JP	クロノ・トリガー	http://zeus.dl.playstation.net/cdn/JP0082/NPJJ00546_00/qSQpXZnHcANmnSTyZVPitXmxuNoqGctcBSsDGtinVhUYdddUwmpPVqNCQodOQTvBzbdEalWsXaHiulMldzlfYyvqKSBeXBdlWrvKJ.pkg	JP0082-NPJJ00546_00-0000000000000001		クロノ・トリガー	299892336	
NPJJ00329	JP	デッドヒートロード	http://zeus.dl.playstation.net/cdn/JP0571/NPJJ00329_00/XQfTlkq8tQEcBmc4aV2GxH8qP4K7KmVmNQA1qRy1ajOSxIACP6uNloPKDknccGFBAHSWIDkmaHQF2coLQYlOiDDe9fk60p7qae4Cp.pkg	JP0571-NPJJ00329_00-0000000000000001		デッドヒートロード	47326160	
NPJI00070	JP	ファイヤーパニック®～マックのレスキュー大作戦～	http://zeus.dl.playstation.net/cdn/JP9000/NPJI00070_00/vdUeQODgupTQIWNwIlnqyMzjCktOncHaOkldQyQhAvFasEIRjbUJmOHObUuBclBuGKlUIBdgrbYbMkCiuCJFFxazOtQHetwGFfSKr.pkg	JP9000-NPJI00070_00-0000000000000001		ファイヤーパニック ～マックのレスキュー大作戦～	54549344	
NPJJ00209	JP	RAY TRACERS	http://zeus.dl.playstation.net/cdn/JP0305/NPJJ00209_00/hLm3m1rHAXjJJlHjm4bCEq3iMWvOirYK08gBq76QsT9nP6OFJrPIs3uOQslnmp9jiQx1yE9sNccWbJO13c6HJ4lQJ1gkypCYLM0he.pkg	JP0305-NPJJ00209_00-0000000000000001		RAY TRACERS	409659888	
NPJJ00711	JP	エキスパート	http://zeus.dl.playstation.net/cdn/JP0571/NPJJ00711_00/AOALeeEsHWqmLxDOZXVUpdKxXgwFfDLzjsjnfJFqxIkUyeXLEEzuDtukZUvyhQACYVeQHzWewlXcbcPXWnSazZqKEPkKvbeaQcAQI.pkg	JP0571-NPJJ00711_00-0000000000000001		エキスパート	87818784	
NPJJ00564	JP	AERO DIVE	http://zeus.dl.playstation.net/cdn/JP0700/NPJJ00564_00/ElkqQNjdPWgEzCjxhUFYbqQKsDnRGNzQBqiRoMAHtMfEBYbKJfSmJUbxCeUPFwJEAmSTJFfjIfNrYIyjMPGJxuIeYTTjaQXSYclIi.pkg	JP0700-NPJJ00564_00-0000000000000001		AERO DIVE	323532912	
NPJJ00698	JP	ギャラクシアン3	http://zeus.dl.playstation.net/cdn/JP0700/NPJJ00698_00/QOHlpRRTxAEwnpIjdoSoBgsxOoErixHGhFdUwUFogPXttwEPxQjNUBIIqKarPMJnvbiWgwxyRhorbbCQqUehVyFoVSpkAlZRAfcaP.pkg	JP0700-NPJJ00698_00-0000000000000001		ギャラクシアン3	399721808	
NPJJ00735	JP	キリーク・ザ・ブラッド	http://zeus.dl.playstation.net/cdn/JP1091/NPJJ00735_00/JP1091-NPJJ00735_00-0000000000000001_bg_2_4bfaeaa8c405edeb43bc6bea41c65b8650a44ff3.pkg	JP1091-NPJJ00735_00-0000000000000001		キリーク・ザ・ブラッド	332344576	
NPJJ00736	JP	キリーク・ザ・ブラッド2	http://zeus.dl.playstation.net/cdn/JP1091/NPJJ00736_00/JP1091-NPJJ00736_00-0000000000000001_bg_1_68d7012fa23f9b5a7f97fce3e987d0e70cbc24c1.pkg	JP1091-NPJJ00736_00-0000000000000001		キリーク・ザ・ブラッド2	487540704	
NPUJ01429	US	Delta Force® Urban Warfare™	http://zeus.dl.playstation.net/cdn/UP9000/NPUJ01429_00/B7byBeNH9CpthOae3vpUDYlX4DpphUvJdot5IdgG6M7cMMOWnxEwOrlg1WRq2LEUXgmuyH8msO8XNTnQCQhFwSE1mHlrfTcch8WcS.pkg	UP9000-NPUJ01429_00-0000000000000001		Delta Force Urban Warfare	117375392	
NPJJ00111	JP	ポイッターズ ポイント	http://zeus.dl.playstation.net/cdn/JP0101/NPJJ00111_00/EeaJKmeA0WWFODSOBtgcHYcFeA6iTuakkc1BOWvXgOQJAUl1r6yiJ4GpUEO0kRenGJBX1WXouXvX9HPjQqp5qdjFOv8cbOPNmO4WE.pkg	JP0101-NPJJ00111_00-0000000000000001		ポイッターズ ポイント	166145264	
NPJJ00591	JP	QUIZなないろDREAMS 虹色町の奇跡	http://zeus.dl.playstation.net/cdn/JP0102/NPJJ00591_00/hrqjZEfBnkrTlhNkjsDjNqXiWnkbkYcjIuoVMbWfllsXLBUmDXqRqerrJGVqqGqvtAYJRVUAozFerSwEyFJcUXZmQmkeHOHISzQTy.pkg	JP0102-NPJJ00591_00-0000000000000001		QUIZなないろDREAMS 虹色町の奇跡	181764000	
NPJJ00156	JP	ネクタリス	http://zeus.dl.playstation.net/cdn/JP0555/NPJJ00156_00/egD0WORNLUXtl0rI3diHLu77i4vkqjquGEU5L3YQSjcWt974qOJ02FKWe8sqLUYaSAH43E2kUValBPWTyBJ8QCOPChm6E3YGskq2p.pkg	JP0555-NPJJ00156_00-0000000000000001		ネクタリス	240380608	
NPJJ00202	JP	プチカラット®	http://zeus.dl.playstation.net/cdn/JP0305/NPJJ00202_00/VshstSawUKpPSg2xhFCR0ncXWD7NXUCVs7OCO5WmLaCovTXBwJm19m7XIx1exGJtPUoMjdSYmxAQEmi1PPGr9Co6a9TXFJt01stBg.pkg	JP0305-NPJJ00202_00-0000000000000001		プチカラット	298235008	
NPJJ00301	JP	猫侍	http://zeus.dl.playstation.net/cdn/JP0571/NPJJ00301_00/KT27C0E8AQtPPr00OfhxR1KF60r8INj3uNPxGpAe6kSl59VRKHF4hOIsy59CQFFGtfw9SEbOREgkUs2mivV5Wuf4KdpvcC2VHYH8K.pkg	JP0571-NPJJ00301_00-0000000000000001		猫侍	1337966672	
NPJJ00201	JP	ウェルトオブ・イストリア	http://zeus.dl.playstation.net/cdn/JP0555/NPJJ00201_00/lIbIkevoUeM1h5ney3nb0MlwspcyLlIEae1Dou3BN9LxwOlUS5Sfx6POdbxKtID85nRfwqnsX4enkxufxtjBlhcXEEhgMRoGIXwq1.pkg	JP0555-NPJJ00201_00-0000000000000001		ウェルトオブ・イストリア	146513856	
NPJJ00087	JP	アジト	http://zeus.dl.playstation.net/cdn/JP0571/NPJJ00087_00/LyslYAWY4mPbCCmB9QhhKOwQTtgLj2wu6e8a32XKrY2YAk1SdkQa49ovvik1OvvsjjNNV55nR7ynDOXbQpk6xQAS8c8I2hy6GFt5a.pkg	JP0571-NPJJ00087_00-0000000000000001		アジト	109873360	
NPJJ00359	JP	HASHIRIYA～狼たちの伝説～	http://zeus.dl.playstation.net/cdn/JP0571/NPJJ00359_00/uvimJyALA2PUMKb1M2Kdd4pqsrmaEwKNKsBbEXUCCiFhviPalBF6mWJvngyI7VWk2W3CYLDgGaswU9htCnbdX1cIASX3uQ9dxW66g.pkg	JP0571-NPJJ00359_00-0000000000000001		HASHIRIYA～狼たちの伝説～	67515648	
NPJJ00189	JP	双界儀	http://zeus.dl.playstation.net/cdn/JP0082/NPJJ00189_00/6ASXNWuRi9opsD9pU2MPFHvUktQ4TrT8gQJJe0hR994Geg6qfBweClXvRxgoWM9t0Sqql6PCsW85rF6htwYgLQc8diGFJDTAxIfvA.pkg	JP0082-NPJJ00189_00-0000000000000001		双界儀	1461910000	
NPJJ00219	JP	LAND MAKER	http://zeus.dl.playstation.net/cdn/JP0305/NPJJ00219_00/hiTmVUUBdopgrwAArkRxyrJFQCQJXaipgNSealJGpxvtDCIyYJGdEYoqNNRdXtVKdEkNFjZhmrXYpQEYqtgmmwnWxBpvtPDcjCabO.pkg	JP0305-NPJJ00219_00-0000000000000001		LAND MAKER	320842896	
NPJJ00378	JP	Jet CopterX	http://zeus.dl.playstation.net/cdn/JP0571/NPJJ00378_00/VWQgJ7uHrW3s0iylG5KKyb1VS3SjFryjokeqCNn55tVJSoV1rTqDpQRCBdeCPJTUdSU9gCR9iM2ho5bTSbiDDEk2rEr8ITPaQwarw.pkg	JP0571-NPJJ00378_00-0000000000000001		Jet CopterX	37118304	
NPEE00039	EU	Destruction Derby	http://zeus.dl.playstation.net/cdn/EP9000/NPEE00039_00/gXL34Iwdy7R2Fy4GdSMawwndskaNCiO5SiPffTABmOlkfD4nfuj8n52kCRH5k55PYbiE6F3rINCVxGrIy0AXmXHE58aOG8bcmQQyS.pkg	EP9000-NPEE00039_00-GDESTDERBG000001		Destruction Derby	67448000	
NPJJ00036	JP	ジグソーワールド	http://zeus.dl.playstation.net/cdn/JP0404/NPJJ00036_00/GlPmkdCcd3ksOJAgKKt06UcsSiuRaViKublEae47dtyXQk62qfsAbM4eu7oiaDKwnlVw2aedLblXwF5bmaAMDEjiSsqX3CKHNDPys.pkg	JP0404-NPJJ00036_00-0000000000000001		ジグソーワールド	21831600	
NPJJ00588	JP	ジグソーアイランド	http://zeus.dl.playstation.net/cdn/JP0404/NPJJ00588_00/QlPOlIkStBQYDBhpWvDZPnQLNAkIjdidVVGZwhqfckLKAfWZoJNYvEvKIlmTDIzMLIIGPkZstxencQiglAAGNyBubNSTCejOJMhOy.pkg	JP0404-NPJJ00588_00-0000000000000001		ジグソーアイランド	223586720	
NPJJ00020	JP	ザ・ドラッグストア	http://zeus.dl.playstation.net/cdn/JP0571/NPJJ00020_00/gnAd406edYTjtsIxhptJ2YO1Fp8lliI3E8i3JPMJvlFg8sbxmL2AnVMQeVTf2cumgVajjWOuxQSKwVplfoV6TgECQevWWkd8fMdxd.pkg	JP0571-NPJJ00020_00-0000000000000001		ザ・ドラッグストア	30263312	
NPJJ00107	JP	アーケードヒッツ フリスキー・トム	http://zeus.dl.playstation.net/cdn/JP0571/NPJJ00107_00/NtN0q1fLD6aaeYQKuCq1dByR9H8VjdO94p07XKdm5MGqTppjIix1JqEHTxtcVybXTxEywcRL7ja8UsIoIAFWCEUTCayFNrcSRKGy0.pkg	JP0571-NPJJ00107_00-0000000000000001		アーケードヒッツ フリスキー・トム	29355504	
NPJJ00108	JP	アーケードヒッツ ムーンクレスタ	http://zeus.dl.playstation.net/cdn/JP0571/NPJJ00108_00/r7bsRtHoqhatohxWYQcWMX4y2uP2tr6FLusMoSSFnMjCCGGtnUp2S7kQ43iMEOePbYFgsj48qHyGQn05M4UpFLDNxSWtVkBhkyxra.pkg	JP0571-NPJJ00108_00-0000000000000001		アーケードヒッツ ムーンクレスタ	28163008	
NPJJ00278	JP	TALL TWINS TOWER	http://zeus.dl.playstation.net/cdn/JP0571/NPJJ00278_00/VSUHES4whyv0t8dpMPHCGfnO2hNkCFMWKSYRKVquTxG2QBQ5CMkXmibcm0QbpTqsD4E3ijtKkgjprOJ691YsMmVf31C7nnO2hWXv6.pkg	JP0571-NPJJ00278_00-0000000000000001		TALL TWINS TOWER	129431792	
NPJJ00440	JP	SuperLite1500シリーズ ザ・カーリング	http://zeus.dl.playstation.net/cdn/JP0571/NPJJ00440_00/kbTxsHJ0Id63QVt4mmEKaydXxqlXkw64xxaK9oCoxrTVWJ9J6Dkpo9iDFoPAFYVv9DoY5Ybyfukly4Sko9JMCAnYC2iu83kktmFpw.pkg	JP0571-NPJJ00440_00-0000000000000001		SuperLite1500シリーズ ザ・カーリング	44249376	
NPJJ00738	JP	ドラゴンシーズ～最終進化形態～	http://zeus.dl.playstation.net/cdn/JP1091/NPJJ00738_00/JP1091-NPJJ00738_00-0000000000000001_bg_1_b02cd380fb6a0455335dff0002aa0af3496b5a8d.pkg	JP1091-NPJJ00738_00-0000000000000001		ドラゴンシーズ～最終進化形態～	174099552	
NPJJ00739	JP	Ｔから始まる物語	http://zeus.dl.playstation.net/cdn/JP1091/NPJJ00739_00/JP1091-NPJJ00739_00-0000000000000001_bg_1_d6d65c75b95e6e79fa9eb7bf70efb2c1746cf9d3.pkg	JP1091-NPJJ00739_00-0000000000000001		Ｔから始まる物語	66769248	
NPJJ00589	JP	ストライカーズ1945Ⅱ	http://zeus.dl.playstation.net/cdn/JP0747/NPJJ00589_00/SsIyJYRdFYPzAltmcdMwEUPIlPKzbMRHXvPwXchVPOOKdNKIaUzhaVrobDRaVXovhLmebMjwtoZwoOBekteiMIxvanpaioOkacteN.pkg	JP0747-NPJJ00589_00-0000000000000001		ストライカーズ1945Ⅱ	184351264	
NPJI00069	JP	Rapid Racer®	http://zeus.dl.playstation.net/cdn/JP9000/NPJI00069_00/5mAAsEgaNgc3fumwSawW18bgsspCTtXqlqUtgTcGmI6d0bHbU8uPIQ0sp5MEAHrloSCHPuBquULM07Qom7DW8QrSnd6fcGVFxRRLY.pkg	JP9000-NPJI00069_00-0000000000000001		Rapid Racer	150545520	
NPJI00006	JP	グローバルフォース® 新・戦闘国家	http://zeus.dl.playstation.net/cdn/JP9000/NPJI00006_00/1ikfMWl9UGqobdXLdL0MC2aXb6HBHKq9Oatfc1KdeBUVhH8nctylpyPXQHKNmLQgjJMTadtmERkED53EXA5DsPL3XbwRJjCNiFTaC.pkg	JP9000-NPJI00006_00-0000000000000001		グローバルフォース 新・戦闘国家	203958240	
NPJJ00568	JP	キッドクラウンのクレイジーチェイス2	http://zeus.dl.playstation.net/cdn/JP0013/NPJJ00568_00/bucUdoqenZrVQsIjUGTJTjgiJTOuPEcgwSRAwHBQgQIakKfPFXTDqrNgsZbcJFcHbmBkUyYaNADYcSfYSnmxxwwcGgOfypbLJppcT.pkg	JP0013-NPJJ00568_00-0000000000000001		キッドクラウンのクレイジーチェイス2	129996160	
NPJJ00217	JP	闘姫伝承～ANGEL EYES～	http://zeus.dl.playstation.net/cdn/JP0325/NPJJ00217_00/qbBMvKO0b80jGQ3E9YN3VNtWAXj0WPV0RLURv2CPXth53bPQL03fUsjv5ontjiKSE4R4V88ax5tWTyFiky6ysgj82CAmTrs8Tyh9m.pkg	JP0325-NPJJ00217_00-0000000000000001		闘姫伝承～ANGEL EYES～	180263280	
NPJJ00577	JP	ボンビンアイランド	http://zeus.dl.playstation.net/cdn/JP0013/NPJJ00577_00/RQyUDIVrvogDlYefnEgwJmmpkitWVkwpisrmCrQNSjvqVCNovNuXeoDqXxTDNGkEExdUJIQmXzVsYVkabvfeJiOeHfgLrAhxskLiK.pkg	JP0013-NPJJ00577_00-0000000000000001		ボンビンアイランド	71087184	
NPJJ00227	JP	刻命館	http://zeus.dl.playstation.net/cdn/JP0325/NPJJ00227_00/5iLhpd2bU5kion2xTUrEVQwG8G7B84g0lpqNKgqq1glJvrIbNSdFAyRatoU8uuTyITBx8Xvv4vfxhp3LYxF0W0meF6lUpY44wpqN9.pkg	JP0325-NPJJ00227_00-0000000000000001		刻命館	197313024	
NPJJ00010	JP	ザ･コンビニ ～あの町を独占せよ～	http://zeus.dl.playstation.net/cdn/JP0571/NPJJ00010_00/TJuHkPpEUVmnje8kBsTVFFmmA5AEFfNISg5Sm07Ui0db1GnXoJqv6uAWQRlxc8QcxnXkSqWsVs5xg8AcKmJOlkM3voYxDyGKly22W.pkg	JP0571-NPJJ00010_00-0000000000000001		ザ･コンビニ ～あの町を独占せよ～	16585648	
NPJJ00159	JP	ロードモナーク ～新・ガイア王国記～	http://zeus.dl.playstation.net/cdn/JP0571/NPJJ00159_00/KkoiceqFOMuH6xTrph1a4NSgfJjXxO192Um0Pt8cmlQAsU6hy88mpuynF9hyeGgaJPohDgIdQJBxCxwfKrgs8gbkN7l5Tp7RluYPC.pkg	JP0571-NPJJ00159_00-0000000000000001		ロードモナーク ～新・ガイア王国記～	138718720	
NPJJ00535	JP	レスキュー24アワーズ	http://zeus.dl.playstation.net/cdn/JP0747/NPJJ00535_00/YzMfpsBMUuJbHXEjwvkhwTKUCvwfEMuyLbWBUQemjWgwTtnKqSzxkREMcSLHmEuEWYOowUQlowxEMkXjCvCPBrfOAlTHlyCBTDGZb.pkg	JP0747-NPJJ00535_00-0000000000000001		レスキュー24アワーズ	69243408	
NPJJ00426	JP	SuperLite1500シリーズ Hooockey!!	http://zeus.dl.playstation.net/cdn/JP0571/NPJJ00426_00/YxKR88lpnqvP3Qwu6kCIQp3sY92O8J9U4QV3wRv5sft742o94OUcf7IOEPaI7L3ji0Kd7ELnbj1NTJqccyPhUgTUxQgKjS2tN1gUr.pkg	JP0571-NPJJ00426_00-0000000000000001		SuperLite1500シリーズ Hooockey!!	11453216	
NPJJ00532	JP	キラーバス	http://zeus.dl.playstation.net/cdn/JP0747/NPJJ00532_00/MWdPnWHEUDAMilxqPKfipHYXQHOJltcuEPQNHMgGllzLOhVtLtKfOABwGQweyNhOSpIWJvJddrdcSzFDoDhpUBddNvGKRKlHHxqpI.pkg	JP0747-NPJJ00532_00-0000000000000001		キラーバス	196368016	
NPJJ00740	JP	スラムドラゴン	http://zeus.dl.playstation.net/cdn/JP1091/NPJJ00740_00/JP1091-NPJJ00740_00-0000000000000001_bg_1_022517d6089db9150c032a157f7b041f4044bd4c.pkg	JP1091-NPJJ00740_00-0000000000000001		スラムドラゴン	120580624	
NPEF00134	EU	TEKKEN	http://zeus.dl.playstation.net/cdn/EP0700/NPEF00134_00/KLmpwSgYVjwPXdOoEitQGxDZyhXkAxtxKXUtbaBoGwvjlROUeCrjeZQthlFklnKX.pkg	EP0700-NPEF00134_00-GTEKKENXXX000FRE		TEKKEN	151527744	
NPEF00134	EU	TEKKEN	http://zeus.dl.playstation.net/cdn/EP0700/NPEF00134_00/siuaFMYkBzjiDOqYtrNiDLnjfFphfpGlfUFxRITPdNcJjBIpazIJQRHLGbKvyDGi.pkg	EP0700-NPEF00134_00-GTEKKENXXX000SPA		TEKKEN	151523552	
NPEF00134	EU	TEKKEN	http://zeus.dl.playstation.net/cdn/EP0700/NPEF00134_00/gznzicQpfjUcLkHttvtPwawqbOFLXwgbyTzmiMnHYeQkwnHrOdiVFoyOHHvgUMsr.pkg	EP0700-NPEF00134_00-GTEKKENXXX000ITA		TEKKEN	151501232	
NPJJ00731	JP	炎の料理人クッキングファイター好	http://zeus.dl.playstation.net/cdn/JP0404/NPJJ00731_00/nxdyfjoFmDKghlQFCPWNeAQEmMkSkIHWKaksDydjDzYPZCqpRgCympaaCdZCrUZRvulQvpUcdhFjyWZMzDBqZVAtYYvxvdQoAVCWw.pkg	JP0404-NPJJ00731_00-0000000000000001		炎の料理人クッキングファイター好	265730544	
NPJJ00433	JP	Love Game's わいわいテニス	http://zeus.dl.playstation.net/cdn/JP0571/NPJJ00433_00/yFhFP19jBg0yHieM8qYGFelNchopDGrKOy8VxGrPtJ3snwQB1JHQ2CVqAWBtULiCAWfOh8XWYI5w0Sdjk5SJRGFpMT7BH1ppKgGu8.pkg	JP0571-NPJJ00433_00-0000000000000001		Love Game's わいわいテニス	60440176	
NPJJ00563	JP	にゃんとワンダフル	http://zeus.dl.playstation.net/cdn/JP0700/NPJJ00563_00/XCXwUjyLlRGXInFNebhZXONpiBoPadIjkAJTYaWRcydkFzZLGfFquJRXWwZRDDdbgaJRvynSnjqqkUTnnvxDmuWYUyHXWUukfhlRI.pkg	JP0700-NPJJ00563_00-0000000000000001		にゃんとワンダフル	110191456	
NPJJ00562	JP	戦国夢幻	http://zeus.dl.playstation.net/cdn/JP0700/NPJJ00562_00/NWMaXzmeUkDWGJlrKulOJwSsHzFwwfEMDUegiBJNiMhUcKTfBgsERYSHQYxthJLinBhsRLMYpOmsuhgZiKBQZZBnhKIhhadgbWZPC.pkg	JP0700-NPJJ00562_00-0000000000000001		戦国夢幻	132700960	
NPJJ00022	JP	R・TYPE ⊿	http://zeus.dl.playstation.net/cdn/JP0024/NPJJ00022_00/pb83XCJjbDdpHsP6u87n5wenJRbA2xnDN9nk45tPVdKa4IoV2C6ugAVh3hRnnNECL4eT2mBu0WTOuoNKJ6lLhUdi2Ofi9SL0J2fFu.pkg	JP0024-NPJJ00022_00-0000000000000001		R・TYPE ⊿	230250784	
NPJJ00635	JP	ぼくは航空管制官	http://zeus.dl.playstation.net/cdn/JP0747/NPJJ00635_00/BHcVzFcyhcYtCTLXUdmSrRKcnNaELTVFJCQHOhngzMeFERIUWFuuKXPnjbLhLkNwYBIaeeWVFNbDkvKKKrOOkIsuXYWSCPQJgINwc.pkg	JP0747-NPJJ00635_00-0000000000000001		ぼくは航空管制官	338758496	
NPJJ00648	JP	シープ	http://zeus.dl.playstation.net/cdn/JP0747/NPJJ00648_00/GFxsmbbvYRciImOsSwdnCpdGIyQWJgATWUjXWtBsgPoNOHVbIfeZnDfWVfGIFtltDhBYtnDXdnamnjzDBFRLsctQYrxUDrghFBlHg.pkg	JP0747-NPJJ00648_00-0000000000000001		シープ	193818816	
NPJJ00650	JP	Tyco R/C	http://zeus.dl.playstation.net/cdn/JP0747/NPJJ00650_00/mUACXbwbKXTqslNyvQRRmiaIcNZFTPBRpgODhFfutyPIsErDOBQQAOmUmJbJlAWCZsrMsaXVbqEHzQCQtWhXtKzKlqtKYgpKvoHOI.pkg	JP0747-NPJJ00650_00-0000000000000001		Tyco R/C	49854592	
NPJJ00077	JP	学校であった怖い話Ｓ	http://zeus.dl.playstation.net/cdn/JP0502/NPJJ00077_00/vP6XIXTWPxwNnUO67mrTAkLEVf2KQ0xcEngkE2K46D1N50a85hyJcn9PAadEWDIigyceY7ey5cQlxF5hTqecloSj9sfdc1UpCe5lj.pkg	JP0502-NPJJ00077_00-0000000000000001		学校であった怖い話Ｓ	239369520	
NPJJ00447	JP	夜想曲	http://zeus.dl.playstation.net/cdn/JP0507/NPJJ00447_00/wPKXqIxOlMCT4HbGif8WfNaER6kBwLkGMVyaRxPg0YRp4CU1cHhcCSjQUS7tw37yVwbLVTkKBi94PEjEl4xL1TXhLg9SCmk3u39ni.pkg	JP0507-NPJJ00447_00-0000000000000001		夜想曲	219599536	
NPJJ00598	JP	ジオキューブ	http://zeus.dl.playstation.net/cdn/JP0571/NPJJ00598_00/zMfyFrYgwRwUokMhFAfrdDWASoHQUeawgEmIKCxCJSvZmbnMkoiMtQmejxgfqDEzODjZpfLCzZNUvexMHsIHaouvFGftzsjiEsZJt.pkg	JP0571-NPJJ00598_00-0000000000000001		ジオキューブ	62652192	
NPJJ00023	JP	上海 ダイナスティ	http://zeus.dl.playstation.net/cdn/JP0281/NPJJ00023_00/gnqyQ0RQMKQpPXrDAj2NMjDJBSxtQWuPaQVPB4bYS6YXcUk4SXBOgfOXYiiVLupbety6Ttw31hMnjXtrxPQ6jfGQseRXPIRtvfQ2Q.pkg	JP0281-NPJJ00023_00-0000000000000001		上海 ダイナスティ	50079632	
NPJJ00018	JP	ロジック麻雀 創龍 四人打ち・三人打ち	http://zeus.dl.playstation.net/cdn/JP0404/NPJJ00018_00/dm1XtSffhGSjAI3Xi8li4CIpT07YHEJJNP2Wc6kB0auvegjmpqLDMasunCSTrEDdM1918VeDwEUykXbSHpXINBaOkm6gREempcJSR.pkg	JP0404-NPJJ00018_00-0000000000000001		ロジック麻雀 創龍 四人打ち・三人打ち	31187472	
NPJJ00021	JP	ぱずるまにあ	http://zeus.dl.playstation.net/cdn/JP0571/NPJJ00021_00/y0UXKPY8mEyF3j7Vm8Rl7i1VM4VcvFtmHguuT7nT8L0iwhGqhs1wI6mFNtT4XDrgsaB7mQqdhyGPLKbO31uyvCI60W4FITaAwUKvx.pkg	JP0571-NPJJ00021_00-0000000000000001		ぱずるまにあ	8268208	
NPJJ00031	JP	わいわいテニス プラス	http://zeus.dl.playstation.net/cdn/JP0571/NPJJ00031_00/RGgY05xKhgwnm3L5hdsCFdndWxHjfuGnrs4LxTs7Dmlx8qOVVSBuiWEF3eHRFi2UL95y8Ru4c5tW6g2i5J8ttprfHelwAN5b7GBO4.pkg	JP0571-NPJJ00031_00-0000000000000001		わいわいテニス プラス	52238432	
NPJJ00715	JP	ルームメイト～井上涼子～	http://zeus.dl.playstation.net/cdn/JP0747/NPJJ00715_00/PuBOMFZTTaSgcceIGbjpknpkKsFXyHJZXxbhZuHPzkOFnkgGXxnzTkDNutgxMakGolhbYLpuxNGdjdEoLYIRIiJgIncKQQPujySjz.pkg	JP0747-NPJJ00715_00-0000000000000001		ルームメイト～井上涼子～	221575952	
NPJJ00718	JP	ぽけかの～愛田由美～	http://zeus.dl.playstation.net/cdn/JP0747/NPJJ00718_00/NOMpcsbYAczbvQugNVvFfLrSKBlvSdzFPMDaOYXqCfQjGVzCTZPsrzrYUxJPAZvsApPOGQNRoILDPdRydZgJtLwNJFpicLNwGAVQj.pkg	JP0747-NPJJ00718_00-0000000000000001		ぽけかの～愛田由美～	211715184	
NPJJ00719	JP	ぽけかの～植野史緒～	http://zeus.dl.playstation.net/cdn/JP0747/NPJJ00719_00/BlNUiXEpGMxWoXcBzvfJLwTsHFHjyBpkRyKIHeqwPCcLSamVYemZxgJbmhEzHlFQWSJPNkhhuIFQupkOnXnkakrxFIydrrKBhVurj.pkg	JP0747-NPJJ00719_00-0000000000000001		ぽけかの～植野史緒～	237568304	
NPJJ00720	JP	ぽけかの～宝条院静香～	http://zeus.dl.playstation.net/cdn/JP0747/NPJJ00720_00/tRDeuduWBlNutvgHirpERwodMqiIocZfdKWruTAyYfVCilJFaYeqGZBjFQkAixJZRSxHNejVEYJBrtWzTFHicWnJHJOqyeQScUjib.pkg	JP0747-NPJJ00720_00-0000000000000001		ぽけかの～宝条院静香～	274907904	
NPJJ00062	JP	AI麻雀 セレクション	http://zeus.dl.playstation.net/cdn/JP0571/NPJJ00062_00/qBNiXBTbuQFSLKxKyMgxgx8MSpRudQIjBg9iIvDtaFEyyLbuFiD2m411U888MusmLLTbFgOOKeira766jbkHmklXlyJ19vJSY0VQ7.pkg	JP0571-NPJJ00062_00-0000000000000001		AI麻雀 セレクション	47547088	
NPJJ00064	JP	ぱずるまにあ2	http://zeus.dl.playstation.net/cdn/JP0571/NPJJ00064_00/PdWnJf5JhCXRY7mGP9LqEPGvjWOVt0r2uMKblrKPOLxi7IcHBFwQviIXuhSgQoInJFb5wEi6Ps7nSpSQ6OpLrR7jBfFtnveHH13pt.pkg	JP0571-NPJJ00064_00-0000000000000001		ぱずるまにあ2	6642912	
NPJJ00072	JP	AI将棋 セレクション	http://zeus.dl.playstation.net/cdn/JP0571/NPJJ00072_00/V9Hk05CR8pMaVeQb3vKog2ArxdWgkvlLYRT6v2RxrRyErbc4aaM22qDbyTY6XMKY5cNO8Lyyyc4T0nerYhLVCBavejpFuBEcW0mnA.pkg	JP0571-NPJJ00072_00-0000000000000001		AI将棋 セレクション	15849648	
NPJJ00120	JP	ファルカタ ～アストラン・パードマの紋章～	http://zeus.dl.playstation.net/cdn/JP0103/NPJJ00120_00/0opxevRees71YD3ToV1DhI0QFdU0Xs0ShNEI2kuJUj2OWlNequaOpHISlGFLHtaqH4ncdGoPmemyBXA8a6kGQf1TxoXeojWhJ0KVI.pkg	JP0103-NPJJ00120_00-0000000000000001		ファルカタ ～アストラン・パードマの紋章～	180560640	
NPJJ00063	JP	じぱんぐ島～運命はサイコロが決める！？～	http://zeus.dl.playstation.net/cdn/JP0571/NPJJ00063_00/sqYYW9w00Pyv7nuX1o4OjREl0kRXwauAXmILgpMxr2yga94gabL5BLjV33Pi3TWvyhhYBGSfmQ1bPXC2XSLd64jlNeijuidD6Btb8.pkg	JP0571-NPJJ00063_00-0000000000000001		じぱんぐ島～運命はサイコロが決める！？～	33037200	
NPJJ00086	JP	ブルーブレイカー ～笑顔の約束～	http://zeus.dl.playstation.net/cdn/JP0571/NPJJ00086_00/QstEhTHcWNNs7ROkBpcAnPmKdsE1dHJbv920kuRCNxfaNmGDFAij657Hcx338rUiE0y3NCTvKihevV9yTX8coeSE9gf6PL562vh7b.pkg	JP0571-NPJJ00086_00-0000000000000001		ブルーブレイカー ～笑顔の約束～	467376848	
NPJJ00092	JP	花札グラフィティー 恋々物語	http://zeus.dl.playstation.net/cdn/JP0571/NPJJ00092_00/ARkw9lwRJiJNgnx7mJnfeQb8UDD6hGUNmfV05n1EJAE4CrKyjbSK9qevNX5DXRlon32hRkv1frCXgyFwdHjAjjrdjMUTtFTd4CeWi.pkg	JP0571-NPJJ00092_00-0000000000000001		花札グラフィティー 恋々物語	21418976	
NPJJ00098	JP	花と龍 ～花札・麻雀～	http://zeus.dl.playstation.net/cdn/JP0571/NPJJ00098_00/tUVjIrBIaMx60GS0kMUbgnX1jxoiw3b1C9mp3aL5QJ28s1jhUIxvv3wXSr5qIvGEvqxDuUT0yG3FhYEl1yGUGxdWmGaQk21tf34OF.pkg	JP0571-NPJJ00098_00-0000000000000001		花と龍 ～花札・麻雀～	38821424	
NPJJ00118	JP	ブルーブレイカー バースト ～笑顔の明日に～	http://zeus.dl.playstation.net/cdn/JP0571/NPJJ00118_00/Nfi2HO40NGWvCJNnbk5YTSFGL3xIWl3mwGR3uhCkx8lsDpXeicw8DrD13hOpmLaekkXuh8GEhxMT0Q2lSb2sH9q4pcNAJa4JcS9Fl.pkg	JP0571-NPJJ00118_00-0000000000000001		ブルーブレイカー バースト ～笑顔の明日に～	444911392	
NPJJ00135	JP	わいわい草野球	http://zeus.dl.playstation.net/cdn/JP0571/NPJJ00135_00/PXcticAtTk9EOvRQSJmyYnDgcSC7wedtgCNUApETDebhIKul8hOJP4t5QwtANPCfDfO627p27KeiLCGSgWI4pEwGsUy6GD4egLmU1.pkg	JP0571-NPJJ00135_00-0000000000000001		わいわい草野球	8743488	
NPJJ00138	JP	メールプラーナ	http://zeus.dl.playstation.net/cdn/JP0103/NPJJ00138_00/v6BYJcvYgMYd835rOPBjBM45aTFSy5mN31viG5gn062I6GdPqgCatpS7XxdYwqpHBMxoo3PRX284wKbAPs5hpOdSqLkcd3br8LxHE.pkg	JP0103-NPJJ00138_00-0000000000000001		メールプラーナ	66754912	
NPJJ00276	JP	でろーんでろでろ	http://zeus.dl.playstation.net/cdn/JP0325/NPJJ00276_00/6XJc5DlCAbttd5U17i3ddW3toKDspgLjKFwcGuiBSTSqSGFdUCdTyxkiTA4FWl764FURk3KephwuEDnEGWAKk0TekQoxxVC0MwiW5.pkg	JP0325-NPJJ00276_00-0000000000000001		でろーんでろでろ	78656032	
NPJJ00144	JP	学校をつくろう!!	http://zeus.dl.playstation.net/cdn/JP0507/NPJJ00144_00/DAWsmncmj0S3wpRrAJtrQwvfXbvBq8BEuGyROHMQGLowhd0y2igy9DHmcOJkbSumkKTePwfEHCMkKj0pap4H8BYNDmRf70JoFNh58.pkg	JP0507-NPJJ00144_00-0000000000000001		学校をつくろう!!	94587232	
NPJJ00248	JP	学校をつくろう!!2	http://zeus.dl.playstation.net/cdn/JP0507/NPJJ00248_00/uNF05fTKlbG79vFbbTQA9ToY7WN4w17j378IIhvomwjPrTYHFEjB0xPNpCdqPIqhFAV8vutGHrm5pBeqfjkSN9iWyQE9UYEa6bWRD.pkg	JP0507-NPJJ00248_00-0000000000000001		学校をつくろう!!2	137393856	
NPJJ00142	JP	わいわいボウリング	http://zeus.dl.playstation.net/cdn/JP0571/NPJJ00142_00/gSrMfgLoVFlqxk9x3yM8HO89vr9jkODlRY7nMCfxNnHPuhahWD2gRoenwY8M2dAwFHkqfQXLdx447sXssQJ2vohiKNf8IHjjR5EVn.pkg	JP0571-NPJJ00142_00-0000000000000001		わいわいボウリング	93483328	
NPJJ00149	JP	マスター･オブ･モンスターズ ～暁の賢者達～	http://zeus.dl.playstation.net/cdn/JP0571/NPJJ00149_00/9hMa77L3EDwTLTGNGyUkfNLwk82eEAlfL2KJoI7wpOntruhP5HAQ1Mc4jdshVkXJqBEg7MRaGPVuCD3Vwuh38WMHNbhQ3xgnQIBxf.pkg	JP0571-NPJJ00149_00-0000000000000001		マスター･オブ･モンスターズ ～暁の賢者達～	66266256	
NPJJ00288	JP	サイドポケット３	http://zeus.dl.playstation.net/cdn/JP0571/NPJJ00288_00/4YEIoPJb3mtuvjjiLUsttRP6yfQdXgWjM3vBijnNTJyFjGL9fHmjpxwuUaLpeDOGO1rrpLvnR4seoHgpHppKSFMbfyxSfKp4LOeWK.pkg	JP0571-NPJJ00288_00-0000000000000001		サイドポケット３	143189824	
NPJI00054	JP	マジカルダイスキッズ®	http://zeus.dl.playstation.net/cdn/JP9000/NPJI00054_00/HWmAEiPlgvKeAfGn7EOch1DuvGOtg0akYv7N6VSy4vIJwMNydK1OQNevGa4RRGgC5EPfdCaDpIxnFu8uYoh5yGG3jlpvK9Y3IfgwE.pkg	JP9000-NPJI00054_00-0000000000000001		マジカルダイスキッズ	104350176	
NPJJ00367	JP	グランド・ストローク	http://zeus.dl.playstation.net/cdn/JP0571/NPJJ00367_00/BDu83NDrFpteYyYPB3W9YguetACHKtAyhgHpLC3H6wDhumdRBRN8ub3Xc9Q1ePIiCMsY8EpWg6Mjp9iWS1HEruwNHwV7mKbnsJtTn.pkg	JP0571-NPJJ00367_00-0000000000000001		グランド・ストローク	38052528	
NPJJ00136	JP	わいわいカート	http://zeus.dl.playstation.net/cdn/JP0571/NPJJ00136_00/fO8imaGLwPGRPsdbcwapSnhmS3oxtCCe7ynsF4F84IG6IhcghBYSt2vqnGXcN3vb7xHG3vHwxfwmuWSruSEPQuFmwaXHtE3lcXh0G.pkg	JP0571-NPJJ00136_00-0000000000000001		わいわいカート	167790688	
NPJJ00190	JP	まじかるで～と® ドキドキ告白大作戦	http://zeus.dl.playstation.net/cdn/JP0305/NPJJ00190_00/1WTPl17VD3DOTJAxphXVeNworI5pEhKSO6e4X5K5OjvKCbsW4HdXmkHxQpYFFrMJxNyJ4xJ13vH5ob7X0b6bh6v58vOJvpcmHtfWj.pkg	JP0305-NPJJ00190_00-0000000000000001		まじかるで～と ドキドキ告白大作戦	123399072	
NPJJ00327	JP	ファミリーチェス	http://zeus.dl.playstation.net/cdn/JP0571/NPJJ00327_00/49VEIAROL3sV5rU01Mt4q4nsQIYSO1mFnySHtlDlbGaPwwm4OKrxFgpcPWBRaWyu3YsryDKkwunXOD7vGAr7pdi07215pav7PNGnL.pkg	JP0571-NPJJ00327_00-0000000000000001		ファミリーチェス	5236080	
NPJJ00324	JP	格ゲー野郎 ～Fighting Game Creator～	http://zeus.dl.playstation.net/cdn/JP0571/NPJJ00324_00/Cl081iaDJhVLPvw1ccuk3SeJVP5nMlUMssgk8M8BYO09Mml3uEYnQNQ2SGkOVmefU2Fmcc3kVcjEQaJMC6gU4FJmLRL55R0SemfJU.pkg	JP0571-NPJJ00324_00-0000000000000001		格ゲー野郎 ～Fighting Game Creator～	109293936	
NPJJ00283	JP	PMS Vol.1 ドラゴンナイツ グロリアス	http://zeus.dl.playstation.net/cdn/JP0610/NPJJ00283_00/IXFxOMYbBeBcgofYHoqOoUg7HD9sBPWyDc81Bw6Rcc1SYo0RY0C7FTCRVaQV6o7HGGQ4TsPgg7XJmylLkKG6BxTKxNMNab4QC6Hcu.pkg	JP0610-NPJJ00283_00-0000000000000001		PMS Vol.1 ドラゴンナイツ グロリアス	94836032	
NPJJ00296	JP	PMS Vol.4 Catch！～気持ちセンセーション～	http://zeus.dl.playstation.net/cdn/JP0610/NPJJ00296_00/942xsK8xkBWoji2NX2u8r572ioPm6MAUcocLFTEgfdtMopmx49Q58oLAUnnXH2VWLx21hjo3DcxXN8V5Ixjrl9munkVl8OpsWjFPH.pkg	JP0610-NPJJ00296_00-0000000000000001		PMS Vol.4 Catch！～気持ちセンセーション～	229372128	
NPJJ00284	JP	PMS Vol.2 死者の呼ぶ館	http://zeus.dl.playstation.net/cdn/JP0610/NPJJ00284_00/j7io7YEICXYCUudQoHVxpfeyyRNw6PvfUCWQLwxiU6tqKA0m08Mnm1PkNyCiiTwjWXlENlKQ5u6UH7vq8iFVDAQMcQGKVPgTC9Scq.pkg	JP0610-NPJJ00284_00-0000000000000001		PMS Vol.2 死者の呼ぶ館	179285328	
NPJJ00290	JP	PMS Vol.3 ラビッシュ ブレイズン	http://zeus.dl.playstation.net/cdn/JP0610/NPJJ00290_00/9xOY74M6OnuPYIkIIedERL0sQ3gapxFkBC5kh4AWVJ4KFI6JplRyvPX3StcYokl3ck62HtdFv3P5psrG7E1CeQga9Gvl4DFwOkMjL.pkg	JP0610-NPJJ00290_00-0000000000000001		PMS Vol.3 ラビッシュ ブレイズン	276897120	
NPJJ00300	JP	PMS Vol.5 ごちゃちる	http://zeus.dl.playstation.net/cdn/JP0610/NPJJ00300_00/0vEw67HA71huKj7uH0OpNp0J0cesFsoKV9H0YPoDaPccfTBehw58BoQPlVv17LjcMmgtx1xRJMhCPo9EOSskTW4nu0PnMdiKgoP2J.pkg	JP0610-NPJJ00300_00-0000000000000001		PMS Vol.5 ごちゃちる	195967344	
NPJJ00302	JP	PMS Vol.6 ONI零～復活～	http://zeus.dl.playstation.net/cdn/JP0610/NPJJ00302_00/5UcvalRPOEPF5TJs5g02vck4Kxqr8tuU1hoC5E5xdJ6iR0CRpEK5IuV8wQPy3Q66HT7JLBQERnIL4M9PVfXdjsqDRLPSyvF6nN7p2.pkg	JP0610-NPJJ00302_00-0000000000000001		PMS Vol.6 ONI零～復活～	286735792	
NPJJ00356	JP	星のまほろば	http://zeus.dl.playstation.net/cdn/JP0240/NPJJ00356_00/EHEGnHxhfuNBNod2FPLnMedx1Xwk465wCxlq4lvTi35SEMwK63e9KywPgwwhlFAQHNI6yj9DPSK6oTTDTmMRvY2Bpy3hyPheOuIOL.pkg	JP0240-NPJJ00356_00-0000000000000001		星のまほろば	381470784	
NPJJ00357	JP	ハムスター倶楽部-i(愛)	http://zeus.dl.playstation.net/cdn/JP0240/NPJJ00357_00/JFiu8afUxHw6H7vROVDsluBYBH9ECUi7Oa4b7lM95FSWgpeIKAa1McplfJ5OVTp7Ss1WwnAMwgP6vEpvAgC9yCwA3A7iChUk4UuPc.pkg	JP0240-NPJJ00357_00-0000000000000001		ハムスター倶楽部-i(愛)	37894544	
NPJJ00330	JP	ファミリーダイヤモンド	http://zeus.dl.playstation.net/cdn/JP0571/NPJJ00330_00/IsctYp5fuQ5R2iFHVGlHGOctCShHpVulUPWYxi2oNi5JmCxsyxfHtnr2s69mm9x3vQJbD8Uk6xTSGPlWOUjGxkEeRVJoDlvN8FsdA.pkg	JP0571-NPJJ00330_00-0000000000000001		ファミリーダイヤモンド	5593808	
NPJJ00335	JP	ファミリー軍人将棋	http://zeus.dl.playstation.net/cdn/JP0571/NPJJ00335_00/WmP3uwhFxsGcx2s5IIoeMR7rBVh3cgBbIqvjr1gHpNyS3KkjsBw2dilK1eSbKeUAlaWYSLUufBS5MmjxF7dKnnUu57TtJCMCR3CgT.pkg	JP0571-NPJJ00335_00-0000000000000001		ファミリー軍人将棋	4470912	
NPJJ00366	JP	忍ノ六	http://zeus.dl.playstation.net/cdn/JP0571/NPJJ00366_00/mBke3NB3nVVMQkjPrAPodOCwapQUuxl18tVrvMjsTLT4XIvCBWBImytBJx6aUt3xgu7FQI30CuaIExududX076qrlGxywxkfMFqw4.pkg	JP0571-NPJJ00366_00-0000000000000001		忍ノ六	123462176	
NPJJ00344	JP	元祖ファミリーマージャン	http://zeus.dl.playstation.net/cdn/JP0571/NPJJ00344_00/vWXJPWwEj4kJmrsnVG1IUeyv8P4T4KraM6rIm6byir0FuuKXVI9F9dndprAWDQEPgsk1jFWno2TjFxwyCFIVoQSAchpSPRY4NkFhR.pkg	JP0571-NPJJ00344_00-0000000000000001		元祖ファミリーマージャン	28675552	
NPJJ00343	JP	爆裂商人 宇宙豪商伝	http://zeus.dl.playstation.net/cdn/JP0571/NPJJ00343_00/GC9f1bNfmx3slieumNPJBluX4iBEMM9VIELoEMgnr38mdONpOTnjxWYGsHW6Nlk63kXQ3hGQ2fUY2ejmlrQUhlYI0UecJlO7eQDeV.pkg	JP0571-NPJJ00343_00-0000000000000001		爆裂商人 宇宙豪商伝	101559216	
NPJJ00370	JP	世界最強銀星囲碁3	http://zeus.dl.playstation.net/cdn/JP0571/NPJJ00370_00/U81DFxgw6esUmOQeqiLMmg9veoLUh9ILfgAIjONe7waA1NcVFlYMFMlaHWpIleJ3Brndqh0HEjNt7J9nhV6uVpDKlv6b45UCdyB9x.pkg	JP0571-NPJJ00370_00-0000000000000001		世界最強銀星囲碁3	6045504	
NPJJ00428	JP	SuperLite1500シリーズ おえかきパズル2	http://zeus.dl.playstation.net/cdn/JP0571/NPJJ00428_00/q4DE3hUHDvvAnIOcoKYGd4jX0pQMyjAtK4UQ6EolUUyeAbW0pb152HnOaQlvDmtDTACM5YRo9YOCs6XjkAuF8fD5hsYLg5fqmPBG7.pkg	JP0571-NPJJ00428_00-0000000000000001		SuperLite1500シリーズ おえかきパズル2	34822496	
NPJJ00454	JP	SuperLite1500シリーズ あのこどこのこ エンドレスシーズン	http://zeus.dl.playstation.net/cdn/JP0571/NPJJ00454_00/g2BgVjhWa3SDMVekiRXI94McpfMGlEotVEn7cIo76LFrqLyuuWB1Eu9BktJOPTR7OTUJsrWKDHeHGm3kVPd0l4r1YpVb8EUkl2rAb.pkg	JP0571-NPJJ00454_00-0000000000000001		SuperLite1500シリーズ あのこどこのこ エンドレスシーズン	312004144	
NPJJ00544	JP	SuperLite 3in1シリーズ おえかきパズル集	http://zeus.dl.playstation.net/cdn/JP0571/NPJJ00544_00/VAJHhcGrSoMYXhpiBcQdINRqtNPoWbyiWiaktMTKXihFZabhcWBHfyaiWjQbyXnYiaYnKpyfbfdXylNjhEKRuwyrNkzLsiDQwNjHN.pkg	JP0571-NPJJ00544_00-0000000000000001		SuperLite 3in1シリーズ おえかきパズル集	37463264	
NPJJ00542	JP	甲子園Ⅴ	http://zeus.dl.playstation.net/cdn/JP0747/NPJJ00542_00/sWspLhATNIKoHnwlHbyUFufNenlrNThVcTsQkfUoNbQyyRSOuVgKGUXhwJiQBhaBoWRDHmmaANYLrTLaWpRIFawsSNeLKYzGzqPsh.pkg	JP0747-NPJJ00542_00-0000000000000001		甲子園Ⅴ	344525904	
NPJJ00434	JP	あのこどこのこ	http://zeus.dl.playstation.net/cdn/JP0571/NPJJ00434_00/4LN3hdxLOFL1ATL2jXPINONcwPGnj3IWfU3xxvfflDohwI9U4GNX0cu47spGT68xv04xpH3RKAisP9nV9aOKvaxwenwfP5eWNoEcx.pkg	JP0571-NPJJ00434_00-0000000000000001		あのこどこのこ	310634832	
NPJJ00453	JP	SuperLite1500シリーズ アンゴルモア99	http://zeus.dl.playstation.net/cdn/JP0571/NPJJ00453_00/7jqB185ibTh1QVrQrvCS8GmNG3mCCCaffamDmPkWC0Y00Ed4P30dRmb8Ohpu5tKNNinbKiL3gXDIHbvoKCNr9wjYd1wntHWbtnyEo.pkg	JP0571-NPJJ00453_00-0000000000000001		SuperLite1500シリーズ アンゴルモア99	10171552	
NPJJ00596	JP	99甲子園	http://zeus.dl.playstation.net/cdn/JP0747/NPJJ00596_00/ZyHYDNJMuCBYdsqceVcpbzurmKeCfKUTqGcjuymnmFhCmSMMZbDQRnBmRghIOhoUgnYMXlcsXWYJszgGZubPqGDKbGxFqXVDUuJax.pkg	JP0747-NPJJ00596_00-0000000000000001		'99甲子園	211420336	
NPJJ00582	JP	The 鬼退治！！目指せ！二代目桃太郎	http://zeus.dl.playstation.net/cdn/JP0404/NPJJ00582_00/naNwFUZsNevoLcfcBOkYhxZErYzVQSqoOKaZXJvDtTbWsaItAbgPwQcKXEadbGXSIvbuSeRDJpHrpMnsxAGHHUaSDzxUryujQueui.pkg	JP0404-NPJJ00582_00-0000000000000001		The 鬼退治！！目指せ！二代目桃太郎	156354032	
NPJJ00515	JP	ウキウキ釣り天国 ～人魚伝説の謎	http://zeus.dl.playstation.net/cdn/JP0571/NPJJ00515_00/AduIPqTtiNEsxdtlOMlDRBWIqvrqWuPyHihwZaFVHhLMVKPtbmbbQmkwIEiKhCWIzSZkphtsKblVmtKMCPDJKYqzDcJCBeMxfmUQq.pkg	JP0571-NPJJ00515_00-0000000000000001		ウキウキ釣り天国 ～人魚伝説の謎	139866976	
NPJJ00519	JP	水族館プロジェクト フィッシュハンターへの道	http://zeus.dl.playstation.net/cdn/JP0571/NPJJ00519_00/VQUTFUzYLhsedzeYuxGnOxBbWGianoRsZIVoxKsAvfYrZUPplsrMDPSJtYqJRbwYekTyBzGIoYFhmZCbsVCcQfpqfucRedBpgBtIP.pkg	JP0571-NPJJ00519_00-0000000000000001		水族館プロジェクト フィッシュハンターへの道	274452176	
NPJJ00525	JP	ウキウキ釣り天国 ～川物語～	http://zeus.dl.playstation.net/cdn/JP0571/NPJJ00525_00/ktmkubRwkMvyYtloezsaaQLkSCGVBczaJRYypwaCaINFpSCnzzCegrosTWvwqjyHpGgrzIBeITXYsDkkWRoTHBXcXaZIXINPYETKz.pkg	JP0571-NPJJ00525_00-0000000000000001		ウキウキ釣り天国 ～川物語～	241347696	
NPJJ00531	JP	ウキウキ釣り天国 魚神伝説を追え	http://zeus.dl.playstation.net/cdn/JP0571/NPJJ00531_00/VDIFfCAEgoGGMoBnOMLDNCvFcnXrUJikyFntKAHRMyJiRtBuYXLmWGPcgRutdsIdVwJOcWfIJtpkDocZmFzGGtREOeTNlhgUprSCI.pkg	JP0571-NPJJ00531_00-0000000000000001		ウキウキ釣り天国 魚神伝説を追え	69180768	
NPJJ00552	JP	バウンティソード・ファースト	http://zeus.dl.playstation.net/cdn/JP0571/NPJJ00552_00/uuXPTqqXQABybMoLHPrLFkMUteJNUJSolHanXROhtZIhVolAmBmjcaQUqvQUHBglpIteNevPSCVxJTbBRTKYmMoQRdaGirdzkoIuM.pkg	JP0571-NPJJ00552_00-0000000000000001		バウンティソード・ファースト	463350832	
NPJJ00559	JP	バウンティソード ダブルエッジ	http://zeus.dl.playstation.net/cdn/JP0571/NPJJ00559_00/DUVDtUlTvfrVXbubyqWzWtoQJUjLvPlsDqsVMShrELoaRtWhucbjVBuaAqDMLiJNZUgNrQPwsboYByQKrUUUGvAnivRQsghaLinZX.pkg	JP0571-NPJJ00559_00-0000000000000001		バウンティソード ダブルエッジ	365888848	
NPJJ00572	JP	お茶の間バトル	http://zeus.dl.playstation.net/cdn/JP0571/NPJJ00572_00/JmfcVWCUtMDqDDRzQVJFrukCwFOBpYMAdTlcLfFaeANCUYhzHqyMnwtgBOBUWgDiyKcixtGqmCHUapRZJQFXvvGfDWttUQEuwLnqa.pkg	JP0571-NPJJ00572_00-0000000000000001		お茶の間バトル	13604048	
NPJJ00754	JP	Neorude2	http://zeus.dl.playstation.net/cdn/JP0177/NPJJ00754_00/aivwHVyoCnUlhsnZfAcpsnnGMfruwLAbFaMuphOIvkcloekkoTiFLyjaIguTguqqPIIjFuSMRucbMtpUWLVnZhAyjIdKCjaBvjVsU.pkg	JP0177-NPJJ00754_00-0000000000000001		Neorude2	439017520	
NPJJ00752	JP	マイガーデン	http://zeus.dl.playstation.net/cdn/JP0177/NPJJ00752_00/reDwPopdzxVhBcMdmCfoXYTfWZRlFtlGwYZKOSmdDYkHRThXjKiabNVJqTWLXJAHisCTObpkatoetBKacTRJgRDSbXqmWesjraTOH.pkg	JP0177-NPJJ00752_00-0000000000000001		マイガーデン	174943936	
NPJJ00757	JP	Neorude～刻まれた紋章～(ネオリュード3)	http://zeus.dl.playstation.net/cdn/JP0177/NPJJ00757_00/ruZyOakWtTfsCDBTHNkCzWJxbKKANoRuEJtLYkPWrQuUhuYxAEGWesNxZPiMETexmZFunZSlkjmeKgeKIphXhSqgKCkDrRPzUZiaD.pkg	JP0177-NPJJ00757_00-0000000000000001		Neorude～刻まれた紋章～(ネオリュード3)	402143968	
NPJJ00529	JP	大江戸風水因果律 花火2	http://zeus.dl.playstation.net/cdn/JP0747/NPJJ00529_00/tMhDECiDhNgvKZLPoXIhwyEwQyXxASFAdqdgFDlsGvspmBnnxMDHhFMlXrEfrfJbXVpzDKWFSlRYKKxehmpKdrErrEeKjsXeqceTj.pkg	JP0747-NPJJ00529_00-0000000000000001		大江戸風水因果律 花火2	110218912	
NPJJ00751	JP	Neorude	http://zeus.dl.playstation.net/cdn/JP0177/NPJJ00751_00/POcgMuCvxoSpOJCaQtbaCEUtfDQpDlSYQhCSrqoSPwCsuRQUZvMavojVeBIdWUVrxFchuKkpqwXOXZKBWgDnkkaGqblGGDEENxUMi.pkg	JP0177-NPJJ00751_00-0000000000000001		Neorude	473295328	
NPJJ00756	JP	風の丘公園にて	http://zeus.dl.playstation.net/cdn/JP0177/NPJJ00756_00/QOSWXdLeKtOARVCgLVxkMLwmPzvwiYfwuggnDlqnLgfHnAnlZAIMBAVmMXWtNVlFoZZRizVRCQCuhieuFuNgMRErTNYMklmbTsfuo.pkg	JP0177-NPJJ00756_00-0000000000000001		風の丘公園にて	293369904	
NPJJ00755	JP	鋼鉄霊域(スティ－ルダム)	http://zeus.dl.playstation.net/cdn/JP0177/NPJJ00755_00/ZZaWymlzPEfLngqzemLhqHZideQXCVUfxoaRgUDcdzWCXlwAOQKMhVigdAnhRyPZMiqmRMMeeKVRudieAuPSclHnbxCNRYTUqnHRu.pkg	JP0177-NPJJ00755_00-0000000000000001		鋼鉄霊域(スティ－ルダム)	308730960	
NPJJ00759	JP	くっつけっと	http://zeus.dl.playstation.net/cdn/JP0177/NPJJ00759_00/RjKcHxCyPLkHHDfyUNXJJmfkfEZPKaJDhOiMmSDspOAeiCOfGaxwHyRrHhxEyrvlTDjymyjOhllaSmxTdnHiwIEZsUJrsByDapmtV.pkg	JP0177-NPJJ00759_00-0000000000000001		くっつけっと	469438496	
NPJJ00758	JP	REVERTHION (リヴァーシオン)	http://zeus.dl.playstation.net/cdn/JP0177/NPJJ00758_00/WjVwumaauDkVMWOmsQWbHeNecQvaDLSuhZtQgDiKHfvkvuHwAnKhgWwoQifBlPVRvJwHzzsUbogOApbbQFsNRcFfMlvggxvVDObpj.pkg	JP0177-NPJJ00758_00-0000000000000001		REVERTHION (リヴァーシオン)	110380224	
NPJJ00594	JP	どきどきシャッターチャンス 恋のパズルを組み立てて	http://zeus.dl.playstation.net/cdn/JP0404/NPJJ00594_00/LEfVpUGZtwfDwiGJIqxmPwOifwMRLvrSNvmXmejzqwxRIwSIWItLLvXVYvnLpSwqQWJVOBsKZSbIjmZhQIHsDAwBcBpKXVjWWzlmq.pkg	JP0404-NPJJ00594_00-0000000000000001		どきどきシャッターチャンス 恋のパズルを組み立てて	197006176	
NPJJ00670	JP	ザ・マッチゴルフ	http://zeus.dl.playstation.net/cdn/JP0398/NPJJ00670_00/ZCDYOUvIjVuPoffdPwgEskGJuooSRhoJAGFsrrZtfwsHHLVbGMCiPklXpTpsCUaaqSgTMTGkkVbKbOohquaEPPzERGmYCoEwIZatV.pkg	JP0398-NPJJ00670_00-0000000000000001		ザ・マッチゴルフ	96353376	
NPJJ00578	JP	わいわい3人打ち麻雀	http://zeus.dl.playstation.net/cdn/JP0571/NPJJ00578_00/rNsxUansQaYnEopGBMJhYpnCkpaWwBPOuVsmSiPitMKInLOZdALYqDrcfNJqakidIfILRKEYFmdTcKcSqCIkVrHtAZzJWMqXarFGM.pkg	JP0571-NPJJ00578_00-0000000000000001		わいわい3人打ち麻雀	49977504	
NPJJ00581	JP	わいわいトランプ大戦	http://zeus.dl.playstation.net/cdn/JP0571/NPJJ00581_00/QZCuMpOWFLpTWeIFYZErquCCZbjTHmQfvzayeGGToMQkaFybwXAQusqqYpsSUWNPWguGSpKCcizoanTcFpLNHpoEhaAybcAiObfCe.pkg	JP0571-NPJJ00581_00-0000000000000001		わいわいトランプ大戦	31015248	
NPJJ00587	JP	ウイニング・ルアー	http://zeus.dl.playstation.net/cdn/JP0571/NPJJ00587_00/exLKQDaPCDfKlleHoXkxEFQqbhNGflehcCjqpGYQygxhxbttRaviOnPoZlwTNMEOBFwgMgfQFJcTzOejynJHDPBMWaCrOJpKLdgkP.pkg	JP0571-NPJJ00587_00-0000000000000001		ウイニング・ルアー	9582464	
NPJJ00592	JP	マービーベィビーストーリー	http://zeus.dl.playstation.net/cdn/JP0571/NPJJ00592_00/ZKQxtaVjqSUKFWVNDiDwQIbIrQkOvHxzszwJpqwTRZIJUReXqGOnZxubSHwYjyPjzXnjYACSrbgXRlDnJJIfGWsXwcVGfNHvSXmHg.pkg	JP0571-NPJJ00592_00-0000000000000001		マービーベィビーストーリー	127497104	
NPJJ00600	JP	超人学園GOWCAIZER	http://zeus.dl.playstation.net/cdn/JP0571/NPJJ00600_00/FCwHjqgVxbveIfOxqUiphBsIhczVKXyYrxjWiomEjvbmlRpWzNyIsLwuHIVciOPqWbxZlHDCrlCGLWoVXNwpsUapQYWKTncGCOXSH.pkg	JP0571-NPJJ00600_00-0000000000000001		超人学園GOWCAIZER	135714224	
NPJJ00679	JP	蒼空の翼 GOTHA WORLD	http://zeus.dl.playstation.net/cdn/JP0747/NPJJ00679_00/DSCuywMOrESlqCSGEBgnxVrfRPjtoKUylnkzywQzrpyAxNOYTXgHtxptNqddMxCvkRwutHAXRSmSrgKXxRDPunqmMeolbMmRYcXNe.pkg	JP0747-NPJJ00679_00-0000000000000001		蒼空の翼 GOTHA WORLD	489628144	
NPJJ00716	JP	シルエット☆ストーリィズ	http://zeus.dl.playstation.net/cdn/JP0747/NPJJ00716_00/vNZMcjKphrCgJpNHgQECGnVqCEbBaXQzZQQzPNWGwTbsEcBlNvjKZfguqgUSxdmlKvARGDxwuVEeDqclTqqBckHXIVQDguiKdiPNw.pkg	JP0747-NPJJ00716_00-0000000000000001		シルエット ストーリィズ	114602176	
NPJJ00729	JP	アイマックス将棋II	http://zeus.dl.playstation.net/cdn/JP0747/NPJJ00729_00/DWREshRREEghJDHSFHfNkBpskipKsHscpNmHttVRlPPioSPHTvcHmhOkKRzOVLzWPnyMnAEfUWVlgtwmFDOTkJBjbQqnzGeQgbIrS.pkg	JP0747-NPJJ00729_00-0000000000000001		アイマックス将棋II	20937216	
NPJJ00730	JP	大海信長伝・下天II	http://zeus.dl.playstation.net/cdn/JP0747/NPJJ00730_00/ieXbfMqLhULdjRnbmxcAKvJuTqiHpZnmbFPmteGZWzCZzAdpwIoujsMZDKwnTmiaqMYDnzqGnOoRWalzmtZiyCXZxXnkNoeeSRFHG.pkg	JP0747-NPJJ00730_00-0000000000000001		大海信長伝・下天II	26244736	