Title ID	Region	Name	PKG direct link	zRIF	Content ID	Last Modification Date	Original Name	File Size	SHA256	Required FW	App Version
PCSG01108	JP	忘失のイストリア	http://zeus.dl.playstation.net/cdn/JP0013/PCSG01108_00/JP0013-PCSG01108_00-JP0ANTIQUIA0VITA_bg_1_4b988b643d9f6a400f493699065ae36cee9ba967.pkg	KO5ifR1dQ+d7BQANNYbYYmhoYAGyHyjm6BfiGRjq6WgQ5hniiM9/17es/b3vAsty/tKA1y/1t/wdjfHBDQAB7xbi	JP0013-PCSG01108_00-JP0ANTIQUIA0VITA		忘失のイストリア	275976016	a24172a74916eb14ea053358a97042adbf74d8ee1ed8f62ef08abaf7442ab4b1	3.65	1
PCSH10056	ASIA	Rainbow Skies (ENG) (ASIA)	MISSING	KO5ifR1dQ+d7BBgBrQWp9jAEMsxA9gc5evo5+YcHe3u6BoPsxOc/pkNHS32dowOK4yTj31z5fWM0xgc3AAB+2xTP	HP2005-PCSH10056_00-RAINBOWSKIES0001			3552574128			1
PCSH10212	ASIA	Tic-Tac-Letters by POWGI	http://zeus.dl.playstation.net/cdn/HP2005/PCSH10212_00/HP2005-PCSH10212_00-TICTACLETTERSBYP_bg_1_e9cfce1e56750f0be433182c02f98178f0b6a0d2.pkg	MISSING	HP2005-PCSH10212_00-TICTACLETTERSBYP		Tic-Tac-Letters by POWGI	79117072		3.69	1
PCSH10225	ASIA	Milo's Quest	http://zeus.dl.playstation.net/cdn/HP2005/PCSH10225_00/HP2005-PCSH10225_00-MILOSQUESTASIA00_bg_1_7f6306363c2921eb311cb05249e0a1ef9e4493af.pkg	MISSING	HP2005-PCSH10225_00-MILOSQUESTASIA00		Milo's Quest	18872432		3.69	1
PCSH10219	ASIA	Without Escape	http://zeus.dl.playstation.net/cdn/HP2005/PCSH10219_00/HP2005-PCSH10219_00-WITHOUTESCAPE000_bg_1_d9b55e39a7cf5ffba685bc85afee9d7ff9bf0942.pkg	MISSING	HP2005-PCSH10219_00-WITHOUTESCAPE000		Without Escape	322961344		3.69	1
PCSH10189	ASIA	Red Bow	http://zeus.dl.playstation.net/cdn/HP2005/PCSH10189_00/HP2005-PCSH10189_00-REDBOWASIA000000_bg_1_3f50d6e7d15c6bb450227caaaee3a218606dcde4.pkg	MISSING	HP2005-PCSH10189_00-REDBOWASIA000000		Red Bow	63352768		3.69	1
PCSG00024	JP	Monster Radar	MISSING	KO5ifR1dQ+d7BQCdYwmzxcgEZL+vv19wiGtQkKOLYxDIUnz+21/W8qQq//Xjl7ZyDK8uef0cjfHBDQAQ8xZU	JP0609-PCSG00024_00-MONSTERRADAR0000		モンスターレーダー	0			1
PCSG00031	JP	Pro Yakyuu Spirits 2012	MISSING	KO5ifR1dQ+d7BRgYQkwF2WJsCLI/IMjfySk4wDPIMyTYyMDQCJ//alu1bEQe//Qt27x/2xL/F2KjMT64AQDKQhT4	JP0101-PCSG00031_00-PROBBSPIRITS2012		プロ野球スピリッツ2012	0			1
PCSG00047	JP	TOEIC Test: Jissen Tokkun	MISSING	KO5ifR1dQ+d7BYDcArPFxBxkv6+pXxDQqhB/V09nX0dPP3z+m/lM49unn98iNvFutmhgWVc5GuODGwAAUX8V3wAA	JP0007-PCSG00047_00-M5NR001TOEICMAIN		TOEIC TEST 実戦特訓	0			1
PCSG00064	JP	Jikkyou Powerful Pro Yakyuu 2012	MISSING	KO5ifR1dQ+d7BRgYQkwF2WJmArI/wDHcMSA0yN/IwNAIaIYhPv/V8ZYe4/xZKsG2hdtGV2NB1GiMD24AAOz0Eg4A	JP0101-PCSG00064_00-PAWAPURO2012B001		実況パワフルプロ野球２０１２	0			1
PCSG00071	JP	NextRev: Ouyou Jouhougijutsusha Shiken	MISSING	KO5ifR1dQ+d7BYDcArPF3BBkv6+pXxDQQZ4h/qGRvo6efvj8dzVb6miJrp/aknXNM9rd23NHY3xwAwCYyxQ9	JP0007-PCSG00071_00-M5NR004ITOUYMAIN		NextRev: Ouyou Jouhougijutsusha Shiken	420489040			1
PCSG00072	JP	NextRev: Kihonjouhou Gijutsusha Shiken	MISSING	KO5ifR1dQ+d7BYDcArPF3Ahkv6+pXxDQLZ4h3p4evo6efvj8tzxYZJpxmUPQwvjnP1Ya1T0ajfHBDQBRBxS0	JP0007-PCSG00072_00-M5NR005ITKIHMAIN		NextRev: Kihonjouhou Gijutsusha Shiken	410836320			1
PCSG00073	JP	NextRev: IT Passport Shiken	MISSING	KO5ifR1dQ+d7BYDcArPF3Bhkv6+pXxDQlZ4hAY7Bvo6efvj8Fzf9QfczLpdlU6cvFzxn6/hiNMYHNwAAAD4VFwAA	JP0007-PCSG00073_00-M5NR006ITPASMAIN		NextRev: IT Passport Shiken	467469680			1
PCSG00086	JP	NextRev: FP Ginoukentei Shiken 3-Kyuu	MISSING	KO5ifR1dQ+d7BYDcArPFwgxkv6+pXxCQ7RbgE2bs6+jph89/fgwZzSGx2/g45r5/0bfE1m40xgc3AABnjROM	JP0007-PCSG00086_00-M5NR008FPLV3MAIN		NextRev: FP Ginoukentei Shiken 3-Kyuu	382243088			1
PCSG00100	JP	NextRev: Jouhou Security Specialist Shiken	MISSING	KO5ifR1dQ+d7BYDcArXF0ABsv6+pXxCQHezs5xri6+jph89/G2X/Oot7uiaW2f1vZQjVfzga44MbAAApbxNk	JP0007-PCSG00100_00-M5NR010SCNETMAIN		NextRev: Jouhou Security Specialist Shiken	430214352			1
PCSG00109	JP	NextRev: Shakai Fukushishi Shiken	MISSING	KO5ifR1dQ+d7BYDcArXF0MASZL+vqV+QgaFhsIejm7evo6cfPv+17pi5mkHE7soXqZMej/Oag0ZjfHADACoQFJkA	JP0007-PCSG00109_00-M5NR011SHAFKMAIN		NextRev: Shakai Fukushishi Shiken	431306864			1
PCSG00107	JP	FIFA 13: World Class Soccer	MISSING	KO5ifR1dQ+d7BYAcBLXF0MAcZL+bp5tjmGeIo5GBIchphvj8l6kYcUTrhIDB4lUftRZcnPVuNMYHNwAAxwsUbgAA	JP0006-PCSG00107_00-FIFAVITA20130001		FIFA13 ワールドクラスサッカー	0			1
PCSG00128	JP	Spy Hunter	MISSING	KO5ifR1dQ+d7BQANhdliaGQBsj84INIj1C/ENcjd0RdkFz7/9Rza9qD3w+JvM9OWSt9Pyb44GuODGwAAXtwXGAAA	JP0012-PCSG00128_00-SPYHUNTERGAME000		Spy Hunter	776913024			1
PCSG00134	JP	Jikkyou Powerful Pro Yakyuu 2012 Ketteiban	MISSING	KO5ifR1dQ+d7BRgYQkwF2mJobAKyP8Ax3DEgNMjfyMDQCGiGIT7/mVu21D00rHNkm/pn7fRSqwujMT64AQAkSRQE	JP0101-PCSG00134_00-PAWAPURO2012B001		実況パワフルプロ野球２０１２決定版	0			1
PCSG00143	JP	NextRev: Chuushoukigyou Shindanshi Shiken 1	MISSING	KO5ifR1dQ+d7BYDcArXF0MQYZL+vqV+QgaGxs0dosKGvo6cfPv99v1hzt3z2q//x7xrCXrowHR6N8cENAOXLFtUA	JP0007-PCSG00143_00-M5NR013CHUS1MAIN		NextRev: Chuushoukigyou Shindanshi Shiken 1	645247600			1
PCSG00155	JP	Naitei! Shuukatsu Kanzen Taisaku - ES - SPI - Mensetsu	MISSING	KO5ifR1dQ+d7BYDcArXF0NQUZL+vqV+QgZFRsEdoqLevo6cfPv/xRNvZ72v/FebGvaZta5T9v9EYH9wAAFgHFBsA	JP0007-PCSG00155_00-M5NR022SHUUKMAIN		Naitei! Shuukatsu Kanzen Taisaku - ES - SPI - Mensetsu	269986624			1
PCSG00186	JP	NextRev: Hisho Kentei Shiken	MISSING	KO5ifR1dQ+d7BYDcArXF0MIMZL+vqV+QgZGBh2ewh7+vo6cfPv/JfNc+p2W+e10cq/2LZRJL7EdjfHADAMeuE8EA	JP0007-PCSG00186_00-M5NR020HISHOMAIN		NextRev: Hisho Kentei Shiken	209328304			1
PCSG00194	JP	Winning Post 7 2013	MISSING	KO5ifR1dQ+d7BRgYGphBbTG0NAHZHx5gbmRgaBwGsRFoBh7w/tGLmeaf9//sLz7yq6Jqhv5ojA9uAABbFBaT	JP0106-PCSG00194_00-WP72013V00000100		Winning Post 7 2013	0			1
PCSG00222	JP	Nihon Pro Mahjong Renmei Kounin: Motto 20-Bai! Mahjong ga Tsuyoku Naru Houhou - Shochuukyuusha Hen	MISSING	KO5ifR1dQ+d7BRgYW5pAbTEyMgLZH+Dt7htiZAA2FwTw+U/j5LyLlRuizNXFdRVfTz/0eTTGBzcAADp+FBQA	JP0394-PCSG00222_00-PKGMT20SC0000000		日本プロ麻雀連盟公認　もっと２０倍！　麻雀が強くなる方法　～初中級者編～	0			1
PCSG00238	JP	Winning Post 8	MISSING	KO5ifR1dQ+d7BRgYGphBbTEytgDZHx5gEYawEWgGHtC9+sCND8ecVtzY3GWwvSK4dDTGBzcAAKGQFYoA	JP0106-PCSG00238_00-WP8V000000000100		Winning Post 8	0			1
PCSG00223	JP	Nihon Pro Mahjong Renmei Suisen: Tokoton Mahjong! Joryuu Pro ni Chousen! Tetsuman Megami Special	MISSING	KO5ifR1dQ+d7BRgYW5pAbTEyMgbZH+DtHuLq6x4cALUUn/9eXOw/eer0aQvvozf8N6/bFj0a44MbAAC90hbB	JP0394-PCSG00223_00-PKGTEMGSP0000000		日本プロ麻雀連盟推薦 とことん麻雀！ 女流プロに挑戦！ 徹萬女神スペシャル	0			1
PCSG00301	JP	J-Stars Victory Vs (Anison Sound Edition)	CART ONLY	KO5ifR1dQ+d7BYBcArXF2MAQZH+4l4mpV3BYWHBAcBjQCEd8/jO5dopVmHnC+6N7rysqXrm5dTTGBzcAADldFTwA	JP0700-PCSG00301_00-WJ45JSVVSPSV000A		Jスターズ ビクトリーバーサス アニソンサウンドエディション	0			1
PCSG00331	JP	Lost Dimension	MISSING	KO5ifR1dQ+d7BRiYGptBbTE2NgTZ7+MfHOLi6evqF+zp7we0E5//rHTSWrW7ry3KevtdKXrbhG2jMT64AQAfUxUq	JP0536-PCSG00331_00-LOSTDIMENSION001		Lost Dimension	1060288224			1
PCSG00417	JP	Kurogane Kaikitan: Senya Ichiya	MISSING	KO5ifR1dQ+d7BRiYGhtAbTExNAfZ7x0a5O/u6Oca5hoEthOf/4T3is3Y4Ohul1SmV5Xn1q0/GuODGwAAvI8ShgAA	JP0530-PCSG00417_00-KUROGANEVER00001		Kurogane Kaikitan: Senya Ichiya	3145051680			1
PCSG00836	JP	Lego Marvel's Avengers	MISSING	KO5ifR1dQ+d7BQANhdliYWwGst/H1d3f1zEozNXHMczVz90Vn/+yha42z/sQVP+9/sOPik3ZtaMxPrgBALKfFrIA	JP0012-PCSG00836_00-LEGOMARVELAVENGE		LEGO マーベル アベンジャーズ	1260077120			1
PCSG00928	JP	Lego Ninjago: Nindroids	MISSING	KO5ifR1dQ+d7BQANhdliaWQBst/H1d3fz9PPy9HdH2wpPv9tZkxo3urYX/thC2fK5F9JD0ZjfHADAM9vFQIA	JP0012-PCSG00928_00-LEGONINJAGO00000		LEGO ニンジャゴー ニンドロイド	1262268208			1
PCSG00934	JP	Shinsei Batteki Drive Girls	MISSING	KO5ifR1dQ+d7BRgaW1pAbbE0NgHZ7+LuY4AM8Plvpldw88Jdf9qPna1/aB9n+280xgc3AADqbRUk	JP1398-PCSG00934_00-DGL0000000000000		新星抜擢 ドライブガールズ	605119008			1
PCSG00120	JP	Suugaku Rikiou: Joukyuu Naka-3-Level	MISSING	KO5ifR1dQ+d7BYDcArXF0Ahsv6+pl4exr2OIB1DE19HTD5//Ti1OKLj0lUmq/WG5TAejVPlojA9uAAC+/RO8	JP0007-PCSG00120_00-M5JH3MATH001MAIN		Suugaku Rikiou: Joukyuu Naka-3-Level	441380992			1
PCSG00192	JP	NextRev: Care Manager Shiken	MISSING	KO5ifR1dQ+d7BYDcArXF0NIIZL+vqV+QgZGhs2OQq6+vo6cfPv+pni15wBnELLLs89Mi5bUm60ZjfHADADF8FAUA	JP0007-PCSG00192_00-M5NR021CAREMMAIN		NextRev: Care Manager Shiken	324414528			1
PCSG00052	JP	NextRev: Eibunpou Tettei Tokkun	MISSING	KO5ifR1dQ+d7BYDcArPF1Ahkv6+pXxDQalf3IN8gX0dPP3z+i+e4KC3t0f2YJ7Ay/TGH/PrRGB/cAAA5eBLU	JP0007-PCSG00052_00-M5NR002EGRMRMAIN		NextRev: Eibunpou Tettei Tokkun	403232736			1
PCSG00056	JP	NextRev: Gyouseishoshi Shiken	MISSING	KO5ifR1dQ+d7BYDcArPF1Axkv6+pXxDQVe6RwcEevo6efvj891aD5/ajlL2MX6NXl62xd/8zGuODGwAAkgQVbwAA	JP0007-PCSG00056_00-M5NR003GYSSHMAIN		NextRev: Gyouseishoshi Shiken	346782384			1
PCSG00085	JP	NextRev: FP Ginoukentei Shiken 2-Kyuu	MISSING	KO5ifR1dQ+d7BYDcArPFwhRkv6+pXxBQ0C3AJ8zI19HTD5//pHQyFh/7VRAf3W1zTirlev9ojA9uAADStxRm	JP0007-PCSG00085_00-M5NR007FPLV2MAIN		NextRev: FP Ginoukentei Shiken 2-Kyuu	619133712			1
PCSG00119	JP	Suugaku Rikiou: Chuukyuu Naka-2-Level	MISSING	KO5ifR1dQ+d7BYDcArXF0NASZL+vqZeHka9jiAdQxNfR0w+f/9z+fvLk+t1zhHfemzNCDJsOj8b44AYATsoVSwAA	JP0007-PCSG00119_00-M5JH2MATH001MAIN		Suugaku Rikiou: Chuukyuu Naka-2-Level	436413216			1
PCSG00144	JP	NextRev: Chuushoukigyou Shindanshi Shiken 2	MISSING	KO5ifR1dQ+d7BYDcArXF0MQEZL+vqV8QkO3sERps5Ovo6YfPf1WFt3jaVv48EjLHjKNyV+W30Rgf3AAAKIgVNAAA	JP0007-PCSG00144_00-M5NR014CHUS2MAIN		NextRev: Chuushoukigyou Shindanshi Shiken 2	520931280			1
PCSG00121	JP	NextRev: Kaigo Fukushishi Shiken	MISSING	KO5ifR1dQ+d7BYDcArXF0MgQZL+vqV8QkO3t6Onu7+vo6YfPf+Xt0eo/X39lnvH48Lqz8+v1R2N8cAMAiCIWCAAA	JP0007-PCSG00121_00-M5NR012KAIGOMAIN		NextRev: Kaigo Fukushishi Shiken	337965456			1
PCSG00175	JP	TOEIC Test: Jissen Tokkun 2	MISSING	KO5ifR1dQ+d7BYDcArXF0NwUZL+vqV+QgaFliL+rp7Ovo6cfPv/9s/F+MOWDmZkee71REbP6hdEYH9wAADgoE2YA	JP0007-PCSG00175_00-M5NR019TOEICMAIN		TOEIC Test: Jissen Tokkun 2	589924896			1
PCSG00804	JP	Winning Post 8 2016	MISSING	KO5ifR1dQ+d7BRgYGphBbbEwMAHZHx5gYWRgaBYGsRFoBh5wx5ZXm02x4I75PCGVyevdL43G+OAGANSiEhIA	JP0106-PCSG00804_00-WP82016V00000100		Winning Post 8 2016	3450704176			1
PCSG01096	JP	Moujuu-Tachi to Ohimesama ~ in blossom ~	MISSING	KO5ifR1dQ+d7BQDtN4TYYmhgaQay39ffK9TD09fVzQViKT7/LfPkVAsTuZt2oCa0z0mjS3s0xgc3AACg6xJ7	JP0031-PCSG01096_00-MOJUHIMEFD000000		Moujuu-Tachi to Ohimesama ~ in blossom ~	2078861536			1
PCSG00635	JP	Jyuzaengi: Engetsu Sangokuden 1+2	http://zeus.dl.playstation.net/cdn/JP0031/PCSG00635_00/JP0031-PCSG00635_00-JUUZAENGIPORTING_bg_1_7c93b350cfac32a86bda9fda510db1f52d9dabb6.pkg	MISSING	JP0031-PCSG00635_00-JUUZAENGIPORTING		十三支演義 偃月三国伝1・2	3180992928		3.5	1
PCSG01068	JP	Neo Angelique: Tenshi no Namida	http://zeus.dl.playstation.net/cdn/JP0031/PCSG01068_00/JP0031-PCSG01068_00-NEOANGELIQUE0000_bg_1_3720712187eb9dbf487283eebf033a091cf59d0c.pkg	MISSING	JP0031-PCSG01068_00-NEOANGELIQUE0000		ネオ アンジェリーク 天使の涙	2535548880		3.65	1
PCSG00118	JP	Suugaku Rikiou: Shokyuu Naka-1-Level	MISSING	KO5ifR1dQ+d7BYDcArXF0NACZL+vqZeHoa9jiAdQxNfR0w+f/3R+L4x+qVsc2DZ/zsP5n9cJj8b44AYAnzEVfgAA	JP0007-PCSG00118_00-M5JH1MATH001MAIN		Suugaku Rikiou: Shokyuu Naka-1-Level	439069728			1
PCSG00998	JP	Winning Post 8 2017	MISSING	KO5ifR1dQ+d7BRgYGphBbbG0tADZHx5gYWRgaB4GsRFoBh6w2sE1ddXSDtsZt6rKnn3u4xyN8cENAMsUFHIA	JP0106-PCSG00998_00-WP82017V00000100		Winning Post 8 2017	3538965888			1
PCSG00021	JP	F1 2011	MISSING	KO5ifR1dQ+d7BRgYmhrCbDEyBNnv5h/kG+rjaGhkYGgY5hniiM9/93ifBM9pl4rnO7en9jjbxS2jMT64AQBuMBTE	JP0151-PCSG00021_00-FORMULA12011VITA		F1 2011	0			1
PCSG00979	JP	Adventure Time: The Secret of the Nameless Kingdom	MISSING	KO5ifR1dQ+d7BRgaW1pAbbE0t4TYH+bqFxIa5Bri6esa4OiNz39mtScknOxveFerZ3rFRRrcG43xwQ0AiWUTjgAA	JP1398-PCSG00979_00-ADVENTURETIMEPAK		アドベンチャー・タイム ネームレス王国の３人のプリンセス　PS Vita版	383941600			1
PCSH10236	ASIA	Thunder Paw	http://zeus.dl.playstation.net/cdn/HP2005/PCSH10236_00/HP2005-PCSH10236_00-THUNDERPAW000000_bg_1_ca4825daabf14b60585fbea3b1cedcb33ef41dd8.pkg	MISSING	HP2005-PCSH10236_00-THUNDERPAW000000		Thunder Paw	16619696		3.69	1
PCSH10245	ASIA	Bucket Knight	http://zeus.dl.playstation.net/cdn/HP2005/PCSH10245_00/HP2005-PCSH10245_00-BUCKETKNIGHT0000_bg_1_0450bf9e9c718b1365be3bc3a23e79ab7c866251.pkg	MISSING	HP2005-PCSH10245_00-BUCKETKNIGHT0000		Bucket Knight	452618816		3.69	1
PCSH10256	ASIA	Random Heroes: Gold Edition	http://zeus.dl.playstation.net/cdn/HP2005/PCSH10256_00/HP2005-PCSH10256_00-RANDOMHEROES0000_bg_1_41df5470c4925ef54c254b82891e0b13e806c9c1.pkg	MISSING	HP2005-PCSH10256_00-RANDOMHEROES0000		Random Heroes: Gold Edition	39150384		3.69	1
PCSH10201	ASIA	Super Destronaut: Land Wars	http://zeus.dl.playstation.net/cdn/HP2005/PCSH10201_00/HP2005-PCSH10201_00-SUPERDESTRONAUTL_bg_1_594e08992ebd6bcc2aa1985ece356e5250488ecf.pkg	MISSING	HP2005-PCSH10201_00-SUPERDESTRONAUTL		Super Destronaut: Land Wars	129655856		3.69	1
PCSG00445	JP	Stranger of Sword City / Tsurugi no Machi no Ihoujin: Kuro no Kyuuden	MISSING	KO5ifR1dQ+d7BQDdZwi1xcTEFGR/sL+jk4+js3eAI5B0NTDE57+JNQsbLDav7Dv94+TU7/NSn47G+OAGACrOFwQA	JP0091-PCSG00445_00-SOABLACKPALACE01		剣の街の異邦人　黒の宮殿	0			1
PCSH10251	ASIA	Duck Souls+	http://zeus.dl.playstation.net/cdn/HP2005/PCSH10251_00/HP2005-PCSH10251_00-DUCKSOULSPLUS000_bg_1_f83e5768641b8a089369e86f1dd33d1354cb964e.pkg	MISSING	HP2005-PCSH10251_00-DUCKSOULSPLUS000		Duck Souls+	35667264		3.69	1
PCSG00974	JP	Super Robot Taisen V (Premium Anime Song & Sound Edition)	http://zeus.dl.playstation.net/cdn/JP0700/PCSG00974_00/JP0700-PCSG00974_00-EST001VTSRWJPSE0_bg_1_63727a4fd4abad9bdcfa4be54135b12acaa58aea.pkg	MISSING	JP0700-PCSG00974_00-EST001VTSRWJPSE0		スーパーロボット大戦V プレミアムアニメソング＆サウンドエディション	3099977088		3.63	1
PCSG01129	JP	Super Robot Taisen X (Premium Anime & Sound Edition)	http://zeus.dl.playstation.net/cdn/JP0700/PCSG01129_00/JP0700-PCSG01129_00-EST002VTSRWJPPE0_bg_1_11502595f375f08283413dfdca931bbdb4c5f367.pkg	MISSING	JP0700-PCSG01129_00-EST002VTSRWJPPE0		スーパーロボット大戦X プレミアムアニメソング＆サウンドエディション	2939320240		3.67	1
PCSG00812	JP	Haitaka no Psychedelica	http://zeus.dl.playstation.net/cdn/JP0031/PCSG00812_00/JP0031-PCSG00812_00-PSYCHEDELICAOFSH_bg_1_7ffb922aadfc14271dadb9aa29b0511466547d17.pkg	MISSING	JP0031-PCSG00812_00-PSYCHEDELICAOFSH		灰鷹のサイケデリカ	1671295024		3.6	1
PCSG01025	JP	Tsukitomo. Tsukiuta 12 Memories	MISSING	KO5ifR1dQ+d7BYBcArHF0MDIFGR/SHCot2doiCPMUnz+m3jM4zX/8oJnKi/u/WS2KH4zGuODGwAAiR4VcgAA	JP0700-PCSG01025_00-TSUKIUTA00000000		Tsukitomo. Tsukiuta 12 Memories	821867520			1
PCSF00448	EU	inviZimals: The Alliance	http://zeus.dl.playstation.net/cdn/EP9000/PCSF00448_00/LnmbaKpTBISdxcbOGngmrcKQSTUnIMwuRyRLTjcKPzJEesAznqkiRFgCkoZlGpmQ.pkg	MISSING	EP9000-PCSF00448_00-INVIZIMALS4GREEK		Invizimals: (PCSF00448)	1442131552		2.61	1
PCSG01022	JP	Back to Bed	http://zeus.dl.playstation.net/cdn/JP0404/PCSG01022_00/JP0404-PCSG01022_00-BACKTOBEDJPVITA0_bg_1_67c7a83be4ec62945564bfc08a06f96addb474bb.pkg	MISSING	JP0404-PCSG01022_00-BACKTOBEDJPVITA0		Back to Bed	234627632		3.63	1
PCSH10302	ASIA	My Aunt is a Witch	http://zeus.dl.playstation.net/cdn/HP2005/PCSH10302_00/HP2005-PCSH10302_00-MYAUNTISAWITCH00_bg_1_058875b8ed95075ffbc738c4b2005a7c9247c9f5.pkg	MISSING	HP2005-PCSH10302_00-MYAUNTISAWITCH00		My Aunt is a Witch	939959520		3.69	1
PCSC80020	JP	Tsutaya TV	http://zeus.dl.playstation.net/cdn/JA0003/PCSC80020_00/XxSkcESfbaJyNzueJuXlkIGzCpjAWgvBmrmlNOeiTJRPhQZvCWhbYsFllnpNHlQTRsOBeIoqprDbPajPXsCRowKTqbfJcWMsEWSRp.pkg	MISSING	JA0003-PCSC80020_00-TSUTAYA000000000		TSUTAYA TV	20705968		3	1
PCSH10213	ASIA	Just a Phrase by POWGI	http://zeus.dl.playstation.net/cdn/HP2005/PCSH10213_00/HP2005-PCSH10213_00-JUSTAPHRASEPOWGI_bg_1_06bd4ccff6734d3f6c7743281bef5d8ff1cee9f0.pkg	MISSING	HP2005-PCSH10213_00-JUSTAPHRASEPOWGI		Just a Phrase by POWGI	94565536		3.69	1
PCSH10246	ASIA	Explosive Jake	http://zeus.dl.playstation.net/cdn/HP2005/PCSH10246_00/HP2005-PCSH10246_00-EXPLOSIVEJAKE000_bg_1_685ae9ef6b0f5b4100a3d45aab1f8575335eec8f.pkg	MISSING	HP2005-PCSH10246_00-EXPLOSIVEJAKE000		Explosive Jake	338547520		3.69	1
PCSE01497	US	Astro Aqua Kitty	http://zeus.dl.playstation.net/cdn/UP4501/PCSE01497_00/UP4501-PCSE01497_00-ASTROCATSVT000US_bg_1_72cd5036a324e9fa66d4443d79812202eeaf6f3b.pkg	MISSING	UP4501-PCSE01497_00-ASTROCATSVT000US		Astro Aqua Kitty	215491680		3.69	1
PCSH00244	ASIA	Mr. Pumpkin Adventure	MISSING	KO5ifR1dQ+d7BBiamVqAVHsAbTMxAdkf5hni6BsUEOob4O3pBzIDD3j//Nq+XHa9LffftX9rXCPYOxrjgxsAAOwiFs8A	HP1658-PCSH00244_00-VITAMRPUMPKIN000		Mr. Pumpkin Adventure	439674496			1
PCSH00244	ASIA	Mr. Pumpkin Adventure	http://zeus.dl.playstation.net/cdn/HP1658/PCSH00244_00/HP1658-PCSH00244_00-VITAMRPUMPKIN000_bg_1_598a0de90b5b2773569c9dedf0dfdd130b4b7455.pkg	MISSING	HP1658-PCSH00244_00-VITAMRPUMPKIN000		南瓜先生大冒险	439674496		3.6	1
PCSG00762	JP	Shingeki no Kyojin	http://zeus.dl.playstation.net/cdn/JP0106/PCSG00762_00/JP0106-PCSG00762_00-AT1JPHDDGAME0000_bg_1_7b5dcd2b17be26577e9f6fdece2b24d51d907afa.pkg	MISSING	JP0106-PCSG00762_00-AT1JPHDDGAME0000		進撃の巨人	2896032512		3.55	1
PCSB01448	EU	Xeno Crisis	http://zeus.dl.playstation.net/cdn/EP2492/PCSB01448_00/EP2492-PCSB01448_00-XENOCRISIS000000_bg_1_5f696ffd02ba138570c6f49286b18f60e5e41ceb.pkg	MISSING	EP2492-PCSB01448_00-XENOCRISIS000000		Xeno Crisis	183723216		3.69	1
PCSB01467	EU	ScourgeBringer	http://zeus.dl.playstation.net/cdn/EP1302/PCSB01467_00/EP1302-PCSB01467_00-THELASTVITAGAME0_bg_1_c93cbacfa50ebe5e370c0d4dffd75095539cb48b.pkg	MISSING	EP1302-PCSB01467_00-THELASTVITAGAME0		ScourgeBringer	376321328		3.69	1
PCSD00021	ASIA	Unit 13	http://zeus.dl.playstation.net/cdn/HP9000/PCSD00021_00/qXijFbcLYlFVTbjBiDWWWhdhAprSCSmDzoFfnXPWjCHdexEPXoSSidnhJKeixWTVaVhafsbWPqvDzdXYvBDyGEdlRXIXQhdiCzuCn.pkg	MISSING	HP9000-PCSD00021_00-UNIT13ZIPPER0100		Unit 13	923915680		1.51	1
PCSG00893	JP	Shin Sangoku Musou: Eiketsuden	http://zeus.dl.playstation.net/cdn/JP0106/PCSG00893_00/JP0106-PCSG00893_00-PIECEGAMEJP00000_bg_1_1518812a01145751f0563c5a9cfe0710566633e1.pkg	MISSING	JP0106-PCSG00893_00-PIECEGAMEJP00000		真・三國無双 英傑伝	1718057040		3.6	1
PCSG00934	JP	Shinsei Batteki Drive Girls	http://zeus.dl.playstation.net/cdn/JP1398/PCSG00934_00/JP1398-PCSG00934_00-DGL0000000000000_bg_1_2e73fd8faa38f6c84b71f00059724f221a1de368.pkg	MISSING	JP1398-PCSG00934_00-DGL0000000000000		新星抜擢 ドライブガールズ	605119008		3.63	1
PCSG01025	JP	Tsukitomo. Tsukiuta 12 Memories	http://zeus.dl.playstation.net/cdn/JP0700/PCSG01025_00/JP0700-PCSG01025_00-TSUKIUTA00000000_bg_1_1f22e6485bd7bbb0996cc2bfe2afa299bd3d07c9.pkg	MISSING	JP0700-PCSG01025_00-TSUKIUTA00000000		ツキトモ。 TSUKIUTA. １２memories	821867520		3.63	1
PCSE01508	US	Synergia	http://zeus.dl.playstation.net/cdn/UP5155/PCSE01508_00/UP5155-PCSE01508_00-SYNERGIA00000000_bg_1_a9b00988da312e393193b0bb184820b1aee12af0.pkg	MISSING	UP5155-PCSE01508_00-SYNERGIA00000000		Synergia	275223552		3.69	1
PCSG00979	JP	Adventure Time: Nameless Oukoku no Sannin no Princess	http://zeus.dl.playstation.net/cdn/JP1398/PCSG00979_00/JP1398-PCSG00979_00-ADVENTURETIMEPAK_bg_1_a85ab29214705be0f5e62ec84372c867480e2ad3.pkg	MISSING	JP1398-PCSG00979_00-ADVENTURETIMEPAK		アドベンチャー・タイム ネームレス王国の3人のプリンセス	383941600		3.61	1
PCSH00267	ASIA	Rose to Tasogare no Kojo	http://zeus.dl.playstation.net/cdn/HP0404/PCSH00267_00/HP0404-PCSH00267_00-ROSE000000000000_bg_1_9ea5b8558f6552d723eaba837edcad3cdc71ebbc.pkg	MISSING	HP0404-PCSH00267_00-ROSE000000000000		로제와 황혼의 고성	935859600		3.6	1
PCSG00836	JP	LEGO Marvel's Avengers	http://zeus.dl.playstation.net/cdn/JP0012/PCSG00836_00/JP0012-PCSG00836_00-LEGOMARVELAVENGE_bg_1_949deb07099192c6d0e0081002374aa04a876915.pkg	MISSING	JP0012-PCSG00836_00-LEGOMARVELAVENGE		LEGO マーベル アベンジャーズ	1260077120		3.57	1
PCSE01510	US	Dull Grey	http://zeus.dl.playstation.net/cdn/UP1675/PCSE01510_00/UP1675-PCSE01510_00-SYPSVDULLGREY000_bg_1_974ec3b77a45f80926e20e9d66e82766f373e3ce.pkg	MISSING	UP1675-PCSE01510_00-SYPSVDULLGREY000		Dull Grey	113819728		3.69	1
PCSB01478	EU	Witchcrafty	http://zeus.dl.playstation.net/cdn/EP1661/PCSB01478_00/EP1661-PCSB01478_00-G000000000001388_bg_1_218064505caa95fe361c99c164a6f026bab2327a.pkg	MISSING	EP1661-PCSB01478_00-G000000000001388		Witchcrafty	283058880		3.69	1
PCSH00229	ASIA	Krinkle Krusher	MISSING	KO5ifR1dQ+d7BBiamVqAVHsAbTOyBNnvHeTp5+3j6h0UGuwREOYYjM9/xeUMESzlYj9FCkX1cltYX4/G+OAGADZ4EsIA	HP1658-PCSH00229_00-KRINKLEKRUSHPVAS		Krinkle Krusher	464161952			1
PCSB00606	EU	FIFA 15 (SPA)	MISSING	KO5ifR1dQ+e7BoAcBFVtZmAGst/N080xzDPE0cjA0BRkJz7/lX2K7RFxkP+cKR3VZ/XpybzRGB/cAAAY2xQC	EP0006-PCSB00606_00-FIFAVITA20150001		https://store.playstation.com/es-es/product/EP0006-PCSB00606_00-FIFAVITA20150001	0		3.15	1
PCSB01430	EU	Pic-a-Pix Pieces 2	http://zeus.dl.playstation.net/cdn/EP3597/PCSB01430_00/EP3597-PCSB01430_00-G000000000001340_bg_1_138c774a797acfa9bc740accf904b56731b7c4b9.pkg	MISSING	EP3597-PCSB01430_00-G000000000001340		Pic-a-Pix Pieces 2	247577680		3.69	1
PCSC80024	JP	SKY PerfecTV! On demand	http://zeus.dl.playstation.net/cdn/JA0003/PCSC80024_00/lTTvQfqJxBJqiebQcyzenXKwcZAUYkHOKGnDwhwxaaIwtIoYBRbvSmtHvfzIxeOQCUCABSinmfhFTZvBEvEPVHHYslZEkVoTnrpWc.pkg	MISSING	JA0003-PCSC80024_00-SPTV000000000000		スカパー！ オンデマンド	19780544		3	1
PCSG00619	JP	Genji Koi Emaki	MISSING	KO5ifR1dQ+d7BRgYmZtCbTEztATZHxjq6RfkH+zqGBAAthOf/zrt5ddN2czw89S3O+kCGt+YR2N8cAMAe2MUxQAA	JP0275-PCSG00619_00-QUINROSEAPP00001		源氏恋絵巻	0			1
PCSB00087	EU	EA SPORTS™ FIFA Football Demo	http://ares.dl.playstation.net/cdn/EP0006/PCSB00087_00/sOGEJdWeYNGsfXfxyABqXiSvtHxdAbTfyHjQrjLFySUxDOyXKRVejYvkKUrguTVm.pkg	KO5ifR1dg/J5YXzXAJCDYKotzEH2u3m6OYZ5hjgaGRgagezE5z8X5YrJa31yLTaqNEjdPxFQOxrjgxsAAL6FEy8A	EP0006-PCSB00087_00-FIFAVITA20120001		EA SPORTS FIFA Football Demo	1650100720		1.5	1
PCSG00642	JP	Fushigi no Gensoukyou: The Tower of Desire	http://zeus.dl.playstation.net/cdn/JP0704/PCSG00642_00/JP0704-PCSG00642_00-0000000000000001_bg_1_a7bdf8592d40521aa1c5da89b6e2f963b4693ad9.pkg	MISSING	JP0704-PCSG00642_00-0000000000000001		不思議の幻想郷-THE TOWER OF DESIRE-	1765338624		3.5	1
PCSH10286	ASIA	Kawaii Deathu Desu	http://zeus.dl.playstation.net/cdn/HP2005/PCSH10286_00/HP2005-PCSH10286_00-KAWAIIDEATHUDESU_bg_1_83de3cee0a90e2b686734ec3b54a67ea07853ba2.pkg	MISSING	HP2005-PCSH10286_00-KAWAIIDEATHUDESU		Kawaii Deathu Desu	278652512		3.69	1
PCSE00073	US	RIDGE RACER® 2011 E3 INTERACTIVE DEMO	http://ares.dl.playstation.net/cdn/UP0700/PCSE00073_00/iATliSqOsulZVzWlcLfldrUIhxABpRDYlQwImAHMdOzENyTVQpUIrLNSTFlKrckBbTTZpTivDmYqvWnimuVRvMwyMZiSurymKTPEX.pkg	KO5ifR1dg/J5YfzQAJBLYKaaG4PsD/J0cXcNcnR2DTIyMDR0Ncbnv7dW52fP9LCL/BTZ7PTw0Jv00Rgf3AAA2f8VngAA	UP0700-PCSE00073_00-RIDGERACER2011E3		RIDGE RACER 2011 E3 INTERACTIVE DEMO	69588816		1.6	1
PCSG01036	JP	Hiiro no Kakera - Scarlet fragments - Memories of a Certain Color	MISSING	KO5ifR1dQ+d7BQDtN4TYYmhgbAay38PTM8jfz9/b0ds1CGQWPv/dXdamqBfCeyp/nscHvyOyj0djfHADACZ6FJUA	JP0031-PCSG01036_00-HIIRONOKAKERA000		緋色の欠片 ～おもいいろの記憶～	2920768224			1
PCSH00135	ASIA	Sword Art Online: Lost Song (ENG)	MISSING	KO5ifR1dQ+d7BIBcAlLtATTd2BRkf0CQv0uoc0iAo7O3o7urgSE+/zkw3jNSimq70F/PFlOYOnftaIwPbgAAZcYThgAA	HP0700-PCSH00135_00-PRODUCTPACKAGE01		Sword Art Online: Lost Song (ENG)	3115264880			1
PCSH00187	ASIA	Resident Evil: Revelations 2	http://zeus.dl.playstation.net/cdn/HP0102/PCSH00187_00/HP0102-PCSH00187_00-RESIDEVILREVELS2_bg_1_550f751539b4e9a1cc9ce851520eb29d6bb8a1f8.pkg	MISSING	HP0102-PCSH00187_00-RESIDEVILREVELS2		Resident Evil: Revelations 2	3003860688		3.52	1
PCSH00196	ASIA	Mobile Suit Gundam: Extreme VS-Force	http://zeus.dl.playstation.net/cdn/HP0700/PCSH00196_00/HP0700-PCSH00196_00-VSTA000000000000_bg_1_5282643943fcb92c868bd4bb8182fb5c35361083.pkg	MISSING	HP0700-PCSH00196_00-VSTA000000000000		MOBILE SUIT GUNDAM EXTREME VS-FORCE	1509413024		3.52	1
PCSH10032	ASIA	Tokyo Twilight Ghost Hunters: Daybreak Special Gigs	http://zeus.dl.playstation.net/cdn/HP0036/PCSH10032_00/HP0036-PCSH10032_00-TTGHDAYBREAKSPGJ_bg_1_31eb8f01993389be1e2f5fa1bc04a4c264449a8e.pkg	MISSING	HP0036-PCSH10032_00-TTGHDAYBREAKSPGJ		Tokyo Twilight Ghost Hunters Daybreak: Special Gigs	1633376624		3.63	1
PCSC80024	JP	SKY PerfecTV! On demand	MISSING	KO5ifR1dQ+d7gRQbg02xAFpnArI/OCAkzAAJ4POfxSn+9I59vHZs/V4lC605S0djfHADAA3bEZcA	JA0003-PCSC80024_00-SPTV000000000000		スカパー！オンデマンド	0			1
PCSC80020	JP	TSUTAYA TV	MISSING	KO5ifR1dQ+d7gRQbg02xAFoHtj8kODTEMdIRbik+/6VmW7FoJ8xufhV/ZKO+0bbfgzw6mEd6egQAkLgTtQAA	JA0003-PCSC80020_00-TSUTAYA000000000			0			1
PCSG01291	JP	Luckslinger	http://zeus.dl.playstation.net/cdn/JP0078/PCSG01291_00/JP0078-PCSG01291_00-LUCKSLINGERJAPAN_bg_1_db8df55c297cc7ce6beedf1e8b289077f6d264b5.pkg	MISSING	JP0078-PCSG01291_00-LUCKSLINGERJAPAN		Luckslinger	451813088		3.69	1
PCSB00071	EU	Michael Jackson The Experience HD	http://zeus.dl.playstation.net/cdn/EP0001/PCSB00071_00/qwQeqFexCgMzKRDwNkhmVmPfnCzzHXqiZAdziPNSHebDpHinkfHXrDkaiRsstRoO.pkg	MISSING	EP0001-PCSB00071_00-MICHAELJACKSONHD		Michael Jackson The Experience HD	1438141248		1.06	1
abceb8cba71337e1	JP	SKY PerfecTV! On demand	http://gs.ww.np.dl.playstation.net/ppkg/np/PCSC80024/PCSC80024_T0/abceb8cba71337e1/JA0003-PCSC80024_00-SPTV000000000000-A0101-V0100-d87f4963577ed801fb44f862d1bf7e6f9579326e-PE.pkg	KO5ifR1dQ+d7gRQbg02xAFpnArI/OCAkzAAJ4POfxSn+9I59vHZs/V4lC605S0djfHADAA3bEZcA	JA0003-PCSC80024_00-SPTV000000000000		スカパー！ オンデマンド	19740784		3	1.01
PCSH10055	ASIA	Cursed Castilla	MISSING	KO5ifR1dQ+d7BBgBrQWp9jAEMkxB9hugACMDfP5z3l5+TaTvlVd/9e+9J79J947G+OAGABPVFK8A	HP2005-PCSH10055_00-0000000000000020			98997760			1
PCSH10032	ASIA	Tokyo Twilight Ghost Hunters Daybreak: Special Gigs (for PS Vita)	MISSING	KO5ifR1dQ+d7BADtNwOp9jAEsoxA9oeEuHu4OEY6Bbk6egcHuHvh859iy+d896Ib7ocmRzyXUXt/ZDTGBzcAAK3pFXoA	HP0036-PCSH10032_00-TTGHDAYBREAKSPGJ			1633376624			1
PCSH00195	ASIA	MOBILE SUIT GUNDAM EXTREME VS-FORCE (ENG)	MISSING	KO5ifR1dQ+d7BIBcAlLtATTd0hRkf1hwiKMBEsDnv9sbmQ4xct1/v+qVQ0W6ornVaIwPbgAA/NMTVwAA	HP0700-PCSH00195_00-VSTA000000000000			1487510928			1
PCSH00257	ASIA	Attack On Titan (KOR)	MISSING	KO5ifR1dQ+d7B5gaGJqAVHsAbTM1B9sfYugd5OHi4u7oC7LKAJ//VOJn3Ety3LyHtU/q9y3HbqXRGB/cAAAZ8RP4	KP5014-PCSH00257_00-AT1KRHDDGAME0000		진격의거인 (한국어판)	0			1
PCSG00179	JP	Meikyuu Cross Blood: Infinity	MISSING	KO5ifR1dQ+d7BRgYWZhDbTE0twTZH+Hk4+/v4unn5unnGRJpYIjPf39OHtH6nfjkSfnq54dVzud+GI3xwQ0A4TgX/gAA	JP0287-PCSG00179_00-XBLOODINFINITY01		迷宮クロスブラッド インフィニティ	0			1
PCSG00431	JP	Norn9: Var Commons	MISSING	KO5ifR1dQ+d7BQDtN4TaYmJsCLLf083PP8gvzDHI2d/X198vGJ//Wh5w3z/9/1vf4x9pwse239EbjfHBDQBaQReq	JP0031-PCSG00431_00-IFNORNVARCOMMONS			2814505328			1
PCSG00520	JP	Kaleidoeve	MISSING	KO5ifR1dQ+d7BRgYmplDbTE1Atvv7ejj6uni7xrmamhqYGhkhM9/d0sf+X1iWGpZ3Hnz1fJlwn9HY3xwAwA70xXd	JP0167-PCSG00520_00-KALEIDOEVE150122		カレイドイヴ	0			1
PCSG00535	JP	Gakuen Heaven: Boy's Love Scramble!	MISSING	KO5ifR1dQ+d7BRiYmlhAbTE1NgXZb4AG8Pnvif4ra2ff580H4rb+FngmuX00xgc3AABYUBQ6	JP0548-PCSG00535_00-0000000000000000			2037839904			1
PCSG00545	JP	Winning Post 8 2015	MISSING	KO5ifR1dQ+d7BRgYGphBbTE1MQXZHx5gYWRgaBoGsRFoBh5w8b2q68nzE/bIiAXP6asXKRmN8cENAIv9E60A	JP0106-PCSG00545_00-WP82015V00000100			3358318736			1
PCSG00646	JP	Saki: Zenkoku-hen	MISSING	KO5ifR1dQ+d7BRgYW5pAbTEzMQPZH+zo7enu6OsKtdMYn/+my9326LjzqtvstZvMausJF0djfHADAEuuFLYA	JP0394-PCSG00646_00-SAKIGAME00000003		咲-Saki-全国編	0			1
PCSG01098	JP	Bit Dungeon+	MISSING	KO5ifR1dQ+d7BRgaGptAbDE0sLQA2W+ABvD570LQiSKJN5LOtsIHOuI5BVaMxvjgBgB/fRHl	JP1134-PCSG01098_00-0000000000000000			233125664			1
PCSB00608	EU	FIFA 15 (DUT)	MISSING	KO5ifR1dQ+e7BoAcBFVtZmABst/N080xzDPE0cjA0BRkJz7/+W1ZtZND5d/zg5UFvz/WZDwYjfHBDQBqyBYD	EP0006-PCSB00608_00-FIFAVITA20150001		https://store.playstation.com/nl-nl/product/EP0006-PCSB00608_00-FIFAVITA20150001	0		3.15	1
PCSB00699	EU	Disney Infinity 2.0 Play Without Limits	CART ONLY	KO5ifR1dQ+e7BhgCHQRVbWZpCbIfbpuJoYmBkbEZPv+tDTDd5xASEXHzxs/g21oTD47G+OAGAP61FAcA	EP1006-PCSB00699_00-0000000004140236		Disney Infinity 2.0 Play Without Limits	0			1
PCSG01040	JP	Tachyon Project	http://zeus.dl.playstation.net/cdn/JP1134/PCSG01040_00/JP1134-PCSG01040_00-0000000000000000_bg_1_746d93935223f7edc79c7c1ec820771e829f0b0b.pkg	MISSING	JP1134-PCSG01040_00-0000000000000000		Tachyon Project	296106656		3.65	1
PCSG01040	JP	Tachyon Project	MISSING	KO5ifR1dQ+d7BRgaGptAbDEEOgJkvwEawOc/xTUnlt2MWOO3I1j3W2/SkurRGB/cAAD+zRQG	JP1134-PCSG01040_00-0000000000000000			296106656			1
PCSG80006	JP	MALICIOUS REBIRTH ORIGINAL SOUNDTRACK - 討伐編 -	http://zeus.dl.playstation.net/cdn/JP0015/PCSG80006_00/ggqWLhzyEnCgLMuvBLZfFIsXizQUKEraibrIYwrtRbOhqUjrGbEURSUPbEkWiWvZGaMgqdQbGnaazpWTYniashnaKjwFtKpESoAzo.pkg	MISSING	JP0015-PCSG80006_00-MALICIOUSOST0000		MALICIOUS REBIRTH ORIGINAL SOUNDTRACK - 討伐編 -	116421488		2.05	1
PCSG00100	JP	ネクレボ 情報セキュリティスペシャリスト試験・ネットワークスペシャリスト試験	http://zeus.dl.playstation.net/cdn/JP0007/PCSG00100_00/xRAetMCVsQbOYeHvCasCDQQsZWmUDCYlbOSNpajjwcIlGjLufHCOzzifxoldwkAKDiCsLfYKwBHrfZtqiIGUMLiRNitnlVJMZgIZp.pkg	MISSING	JP0007-PCSG00100_00-M5NR010SCNETMAIN		ネクレボ 情報セキュリティスペシャリスト試験・ネットワークスペシャリスト試験	430214352		1.69	1
PCSG00109	JP	NextRev: Shakai Fukushishi Shiken	http://zeus.dl.playstation.net/cdn/JP0007/PCSG00109_00/dtUFekPLrZnGrWSnBBvAVzaebbgyKcWJbYcGDRCSGhKFKceEhEjiMFqQfcrHOZWIVQiJYWLuEeLympfPcgEvTrAfeHhJzJKAkvRFL.pkg	MISSING	JP0007-PCSG00109_00-M5NR011SHAFKMAIN		ネクレボ 社会福祉士試験	431306864		1.69	1
PCSG00073	JP	ネクレボ ITパスポート試験	http://zeus.dl.playstation.net/cdn/JP0007/PCSG00073_00/ArXrPPTsZyEGQwphzMXHqUDiFOwzHnmnWpuiclmVTKkZKHgGQOVEdObBsrIoKzGoTwrbxpesiXJkfVwoTqUuTUcfVzqESRKqOAloU.pkg	KO5ifR1dQ+d7BYDcArPF3Bhkv6+pXxDQlZ4hAY7Bvo6efvj8Fzf9QfczLpdlU6cvFzxn6/hikEcH80hPjwADQRUa	JP0007-PCSG00073_00-M5NR006ITPASMAIN		ネクレボ ITパスポート試験	467469680		1.67	1
PCSG00072	JP	ネクレボ 基本情報技術者試験	http://zeus.dl.playstation.net/cdn/JP0007/PCSG00072_00/WGqzwKftTnJNJYBedaEBIloHInBsQxbFRyoNeUMHHIrYnAhbeGNoIbZALJhOwPgPzqSeBcQArBfVZjixgBzzVtCJJKaZmrWrNTMCl.pkg	MISSING	JP0007-PCSG00072_00-M5NR005ITKIHMAIN		ネクレボ 基本情報技術者試験	410836320		1.67	1
PCSG00815	JP	PsychicEmotion6	http://zeus.dl.playstation.net/cdn/JP0031/PCSG00815_00/JP0031-PCSG00815_00-PSYCHICEMOTION06_bg_1_94a5df3beb5502f8d007f38a89d68b9fa6403443.pkg	MISSING	JP0031-PCSG00815_00-PSYCHICEMOTION06		PsychicEmotion6	2603451984		3.61	1
PCSG00154	JP	San Goku Shi 12	http://zeus.dl.playstation.net/cdn/JP0106/PCSG00154_00/htScwoyVdxcrISWJsqYvBnCnYHkWfNNURNymlnqXdPaXLvRAXWiKDcTPPBFsrAXWUIIkZPXojdGvIMiaeuLORuGDMzICmfEqzyUtt.pkg	MISSING	JP0106-PCSG00154_00-SANGOKUSHI12VITA		三國志12	1646630352		2.01	1
PCSG00401	JP	ソラユメ	http://zeus.dl.playstation.net/cdn/JP0380/PCSG00401_00/GqADwcBBbzkkjBHaDfbNNOtqEMoolucwiCoddsyVeKKJWOGkiXeJHonoePsptaHwoAEeyHKRSVGegFubJFVhpzURERyIsrcGNwamy.pkg	MISSING	JP0380-PCSG00401_00-SORAYUME00000000		ソラユメ	1589081120		3.15	1
PCSG01022	JP	Back to Bed	MISSING	KO5ifR1dQ+d7BQBtNoHYYmhgZASy38nR2TvE38nVxSsgzDPE0QCf/7Q/TNWzert+ylO7l+EZEaJnR2N8cAMAKjIVLQAA	JP0404-PCSG01022_00-BACKTOBEDJPVITA0			234627632			1
PCSG00353	JP	インジャスティス: 神々の激突	http://zeus.dl.playstation.net/cdn/JP0012/PCSG00353_00/TWbrskiXgwvYKZbZVNHhATqRlJAwBxNLILwssHNJsbdyBlJebSMRtEjHCBVnQLhmniflWmaPBSNibVcSFzYWvaKeEPkdNZeQiSMHV.pkg	MISSING	JP0012-PCSG00353_00-INJUSTICEULTIMAT		インジャスティス: 神々の激突	3205201888		3.01	1
PCSA00141	US	Tearaway Soundtrack	http://zeus.dl.playstation.net/cdn/UP9000/PCSA00141_00/DCWlemRjUhyhRUeLmefvPoFfbmlYXHWOniSjivgAzDQwxeFaFuytpOPaCTKTjuAC.pkg	MISSING	UP9000-PCSA00141_00-GTEARAWAYSOUND02		Tearaway Soundtrack	192520464		2.61	1
PCSG00143	JP	NextRev: Chuushoukigyou Shindanshi Shiken 1	http://zeus.dl.playstation.net/cdn/JP0007/PCSG00143_00/tMycqTTVVlxhLbeYmdrrfBlFQKVtksTyyDaAGWKLWWVTZKOYGmjZGmDXVHNdhahHBXyeEtHmmVssLtDgVxlAHuyvcdFppfugukqmv.pkg	MISSING	JP0007-PCSG00143_00-M5NR013CHUS1MAIN		ネクレボ 中小企業診断士試験1	645247600		2.01	1
PCSB01220	EU	99 Vidas	MISSING	KO5ifR1dQ+e7BhiYmphBVBsaGYHtR7LPwNDQ2Aif/5xEW6TeSL26fVv7i3LHq8BPozE+uAEACn0UEAAA	EP0546-PCSB01220_00-G000000000001132		99 Vidas	0		0	0
PCSB01199	EU	Sayonara UmiharaKawase ++	MISSING	KO5ifR1dQ+e7BhibmphDVBsaWlqC7A/19fRwDHL0dgx3BNuFz3+P+U7Ou9yfuI/3JdfBaTpuW0ZjfHADAA/eFRwA	EP3547-PCSB01199_00-UMIHARAKAWASE000		Sayonara UmiharaKawase ++	0		0	0
PCSB01371	EU	Spirit Hunter: NG	MISSING	KO5ifR1dQ+e7BhgaGJlAVBsamxuC7A8O8AzyDPEI9QtxDfJzdw3F60FOh2Xzjmld+npU0Oz8SWGT0Rgf3AAA+M0UbgAA	EP1024-PCSB01371_00-SPIRITHUNTERNGEU		Spirit Hunter: NG	0		0	0
PCSB01371	EU	Spirit Hunter: NG	http://zeus.dl.playstation.net/cdn/EP1024/PCSB01371_00/EP1024-PCSB01371_00-SPIRITHUNTERNGEU_bg_1_98ce554434e0716d34b14394ed0d6f11517f743e.pkg	MISSING	EP1024-PCSB01371_00-SPIRITHUNTERNGEU		Spirit Hunter: NG	458717888		3.69	1
PCSF00310	EU	Disney Epic Mickey 2: The Power of Two	MISSING	KO5ifR1dQ+e7BlgiTDM2BNvvGuDp7Ovp7O0aaRTiAbQMn/+ql9R5XsrWk3nsGPl3rVfDitEYH9wAAF+uFLkA	EP9000-PCSF00310_00-EPICMICKEY2THE00		Epic Mickey: Sammenhold gør stærk	0		0	0
PCSB00057	EU	FIFA Football	MISSING	KO5ifR1dQ+e7BoAcBFNtag6y383TzTHMM8TRyMDQCGQnPv+93lfX4rpjUvBsz3Ndv8T3rx6N8cENAIADFXIA	EP0006-PCSB00057_00-FIFAVITA20120001		FIFA Football	0		0	0
PCSG00158	JP	NextRev: Sharoushi Shiken	http://zeus.dl.playstation.net/cdn/JP0007/PCSG00158_00/WkLrykUEFLOZOMhpksFGtTbmLFOoFVSQVcasfLelDDfSRPMCkCJgEgKGXWExafFpYciNAuiDLAEYJAaofsMPyGtxQKFVLxAPmNKzz.pkg	MISSING	JP0007-PCSG00158_00-M5NR015SHAROMAIN		ネクレボ 社労士試験	762675424		2.01	1
PCSG00181	JP	Kami Jigen Idol Neptune PP	http://zeus.dl.playstation.net/cdn/JP0031/PCSG00181_00/rThLCHYCSyoZJgHAYwmkjZHxUZUTlNmGiOMdNILBNDJAGmujBjcMYpkoLtRgIMkwENcRJXoWTJNpnrxemQzCMbeNpqegnELRWVfHc.pkg	MISSING	JP0031-PCSG00181_00-KAMIJIGENIDOLNEP		神次元アイドル ネプテューヌPP	1227041504		2.11	1
PCSG00293	JP	Mato Kurenai Yuugekitai: Tokyo Twilight Ghosthunters	http://zeus.dl.playstation.net/cdn/JP0036/PCSG00293_00/VMSleKAoMOHmAYIzhXrPcRpfIFKHAsaZDuFOvkzyEJuqwSeIzLRxlyrQheCfwpNhLslpQZEMQiawiINWPxdAbtBqurQNTjWrJInVu.pkg	MISSING	JP0036-PCSG00293_00-TOTWGHOSTHUNTERS		魔都紅色幽撃隊	1669317264		3.01	1
PCSG00458	JP	Root Infinity Rexx	http://zeus.dl.playstation.net/cdn/JP0031/PCSG00458_00/JP0031-PCSG00458_00-ROOTREXX00000001_bg_1_fbf734054773573ef822ee33faadd5613a26c2ac.pkg	MISSING	JP0031-PCSG00458_00-ROOTREXX00000001		ROOT∞REXX	2603185424		3.35	1
PCSG00534	JP	Kaeru Batake de Tsukamaete: Natsu Chigira Sansen!	http://zeus.dl.playstation.net/cdn/JP0380/PCSG00534_00/JP0380-PCSG00534_00-KAERU00000000000_bg_1_f079c2c39a8810efef16515698ee50578aa8c948.pkg	MISSING	JP0380-PCSG00534_00-KAERU00000000000		カエル畑 ＤＥ つかまえて・夏 千木良参戦！	2272262080		3.36	1
PCSG00585	JP	Gakuen Heaven 2: Double Scramble	http://zeus.dl.playstation.net/cdn/JP0548/PCSG00585_00/JP0548-PCSG00585_00-0000000000000000_bg_1_fc04479eac12186003441363d8f82d4b24d71797.pkg	MISSING	JP0548-PCSG00585_00-0000000000000000		学園ヘヴン2 ～DOUBLE SCRAMBLE!～	3187916608		3.36	1
PCSG00592	JP	I Doll U	http://zeus.dl.playstation.net/cdn/JP0031/PCSG00592_00/JP0031-PCSG00592_00-IDOLLDOLLDOLLYOU_bg_1_95bcc847be1a8224c28b3065dfaaec372b90abf2.pkg	MISSING	JP0031-PCSG00592_00-IDOLLDOLLDOLLYOU		I DOLL U	2628693728		3.5	1
PCSG00604	JP	Moujuutsukai to Oujisama: Flower & Snow	http://zeus.dl.playstation.net/cdn/JP0031/PCSG00604_00/JP0031-PCSG00604_00-IFVITAMOUJYU0001_bg_1_64d62c9091bf2401fe290f3b80868bfb39f8e3f5.pkg	MISSING	JP0031-PCSG00604_00-IFVITAMOUJYU0001		猛獣使いと王子様 ～Flower ＆ Snow～	3388874000		3.36	1
PCSG00654	JP	Gakuen K: Wonderful School Days V Edition	http://zeus.dl.playstation.net/cdn/JP0031/PCSG00654_00/JP0031-PCSG00654_00-GAKUENK000000000_bg_1_39351e85c2f8536b896adcba08185bd8044e873d.pkg	MISSING	JP0031-PCSG00654_00-GAKUENK000000000		学園K -Wonderful School Days- V Edition	1534749312		3.55	1
PCSG00789	JP	Omerta Code: Tycoon Kai	http://zeus.dl.playstation.net/cdn/JP1485/PCSG00789_00/JP1485-PCSG00789_00-OMERTACTKAI2016K_bg_1_0c6370196d0034b95a357dd6e1ed710fbb48bb73.pkg	MISSING	JP1485-PCSG00789_00-OMERTACTKAI2016K		オメルタ CODE:TYCOON 戒	1428220400		3.55	1
PCSG00833	JP	Norn + Nonette Act Tune	http://zeus.dl.playstation.net/cdn/JP0031/PCSG00833_00/JP0031-PCSG00833_00-IFNORNACTTUNE000_bg_1_09d75fdf90fea8fabe5eda8911e4aa6294517a09.pkg	MISSING	JP0031-PCSG00833_00-IFNORNACTTUNE000		NORN9 ACT TUNE	3207866544		3.6	1
PCSG00875	JP	LEGO Star Wars: Force no Kakusei	http://zeus.dl.playstation.net/cdn/JP0012/PCSG00875_00/JP0012-PCSG00875_00-LEGOFORCEAWAKENS_bg_1_ac6bf9ca6a41b1f1150402d0de908eaeb41cd5d4.pkg	MISSING	JP0012-PCSG00875_00-LEGOFORCEAWAKENS		LEGO スター・ウォーズ／フォースの覚醒	1417355168		3.6	1
PCSG00950	JP	Osomatsu-san: The Game	http://zeus.dl.playstation.net/cdn/JP0031/PCSG00950_00/JP0031-PCSG00950_00-OSOMATSUSANGAME0_bg_1_1db52755bf6916ecee19cf166568a82ab833b0df.pkg	MISSING	JP0031-PCSG00950_00-OSOMATSUSANGAME0		おそ松さん THE GAME はちゃめちゃ就職アドバイス -デッド オア ワーク-	1275615632		3.63	1
PCSG01081	JP	Uta no * Prince-Sama: Amazing Aria & Sweet Serenade Love	http://zeus.dl.playstation.net/cdn/JP0578/PCSG01081_00/JP0578-PCSG01081_00-UTAPRIAASSLOVE00_bg_1_f7f0a36087cfc04fc463487ec58a01e5734053d6.pkg	MISSING	JP0578-PCSG01081_00-UTAPRIAASSLOVE00		うたの プリンスさまっ♪Amazing Aria & Sweet Serenade LOVE	3085414000		3.65	1
PCSG01092	JP	HimeHibi Ichi Gakki: Princess Days	http://zeus.dl.playstation.net/cdn/JP0380/PCSG01092_00/JP0380-PCSG01092_00-HIMEHIBI00000000_bg_1_7445f550183750af621a6162e32663e91170a200.pkg	MISSING	JP0380-PCSG01092_00-HIMEHIBI00000000		ひめひび -Princess Days-	1357174480		3.63	1
PCSG01144	JP	Himehibi: New Princess Days!! Zoku! Ni-Gakki	http://zeus.dl.playstation.net/cdn/JP0380/PCSG01144_00/JP0380-PCSG01144_00-HIMEHIBI20000000_bg_1_86204dabac73435c47b1a756ec5601a785768f26.pkg	MISSING	JP0380-PCSG01144_00-HIMEHIBI20000000		ひめひび 続！二学期-New Princess Days!!-	1418883344		3.65	1
PCSG01208	JP	Wand of Fortune R2 FD: Kimi ni Sasageru Epilogue	http://zeus.dl.playstation.net/cdn/JP0031/PCSG01208_00/JP0031-PCSG01208_00-WANDOFFORTUNE2FD_bg_1_4d8c3d7193f566f613a630dae876a45964ffd781.pkg	MISSING	JP0031-PCSG01208_00-WANDOFFORTUNE2FD		ワンド オブ フォーチュン Ｒ２ ＦＤ ～君に捧げるエピローグ～	2617344784		3.68	1
PCSG00121	JP	NextRev: Kaigo Fukushishi Shiken	http://zeus.dl.playstation.net/cdn/JP0007/PCSG00121_00/BeUYBTUrvKilIFXhVzgYewNYWwPxqpOYmqeovpZdvZdigEUvLNsXVArFIlpGZmesxUIYzaUfpVLtjsPkCMFxnqAOEeUsCRfJJLimK.pkg	MISSING	JP0007-PCSG00121_00-M5NR012KAIGOMAIN		ネクレボ 介護福祉士試験	337965456		1.69	1
PCSG00144	JP	NextRev: Chuushoukigyou Shindanshi Shiken 2	http://zeus.dl.playstation.net/cdn/JP0007/PCSG00144_00/JILLljgRHaTIPkONvtSsdXqlLKZDEYjSlwGaJOkRTAAWatfFPbLjcIguGoqLMJEnfiwuBelHxWFRyTcxyTLvbehPuPhQzruyBwxwJ.pkg	MISSING	JP0007-PCSG00144_00-M5NR014CHUS2MAIN		ネクレボ 中小企業診断士試験2	520931280		2.01	1
PCSG00431	JP	Norn9: Var Commons	http://zeus.dl.playstation.net/cdn/JP0031/PCSG00431_00/YIgNEKjGZteIbZsJNAqBnpQqvZYwPieuTROadFuYnNXsBwIikBsrOjndVxqbQioGnmIvOdLWppQtrSWzcSpottTRBnbJzCOYEIjyf.pkg	MISSING	JP0031-PCSG00431_00-IFNORNVARCOMMONS		NORN9 VAR COMMONS	2814505328		3.3	1
PCSG00535	JP	Gakuen Heaven: Boy's Love Scramble!	http://zeus.dl.playstation.net/cdn/JP0548/PCSG00535_00/JP0548-PCSG00535_00-0000000000000000_bg_1_5601a766137e58e2a0791a3733521d41a165ee9b.pkg	MISSING	JP0548-PCSG00535_00-0000000000000000		学園ヘヴン BOY'S LOVE SCRAMBLE!	2037839904		3.35	1
PCSG00928	JP	LEGO Ninjago: Nindroids	http://zeus.dl.playstation.net/cdn/JP0012/PCSG00928_00/JP0012-PCSG00928_00-LEGONINJAGO00000_bg_1_f6467e1b6276a8d7b22566ff42612a0a44370dcb.pkg	MISSING	JP0012-PCSG00928_00-LEGONINJAGO00000		LEGO ニンジャゴー ニンドロイド	1262268208		3.61	1
PCSG01036	JP	Hiiro no Kakera: Omoi Iro no Kioku	http://zeus.dl.playstation.net/cdn/JP0031/PCSG01036_00/JP0031-PCSG01036_00-HIIRONOKAKERA000_bg_1_12df3d71771249499bef2ca649e0465c552172fe.pkg	MISSING	JP0031-PCSG01036_00-HIIRONOKAKERA000		緋色の欠片 ～おもいいろの記憶～	2920768224		3.65	1
PCSG01096	JP	Moujuu-Tachi to Ohimesama ~ in blossom ~	http://zeus.dl.playstation.net/cdn/JP0031/PCSG01096_00/JP0031-PCSG01096_00-MOJUHIMEFD000000_bg_1_466e452f70501f0439b9102b515db5eeb71bac06.pkg	MISSING	JP0031-PCSG01096_00-MOJUHIMEFD000000		猛獣たちとお姫様 ～in blossom～	2078861536		3.65	1
PCSG01098	JP	Bit Dungeon+	http://zeus.dl.playstation.net/cdn/JP1134/PCSG01098_00/JP1134-PCSG01098_00-0000000000000000_bg_1_2a43a1f05de9d1f7edff0e8398c8de70c50f14f6.pkg	MISSING	JP1134-PCSG01098_00-0000000000000000		Bit Dungeon Plus	233125664		3.67	1